Format Version,1.25,Take Name,Take 2026-08-14 12.04.45 PM,Take Notes,,Capture Frame Rate,120.000000,Export Frame Rate,120.000000,Capture Start Time,2026-08-14 12.04.45.615 PM,Capture Start Frame,1487855,Total Frames in Take,111,Total Exported Frames,111,Rotation Type,Quaternion,Length Units,Millimeters,Coordinate Space,Global

,Type,Rigid Body,Rigid Body,Rigid Body,Rigid Body,Rigid Body,Rigid Body,Rigid Body,Rigid Body Marker,Rigid Body Marker,Rigid Body Marker,Rigid Body Marker,Rigid Body Marker,Rigid Body Marker,Rigid Body Marker,Rigid Body Marker,Rigid Body Marker,Rigid Body,Rigid Body,Rigid Body,Rigid Body,Rigid Body,Rigid Body,Rigid Body,Rigid Body Marker,Rigid Body Marker,Rigid Body Marker,Rigid Body Marker,Rigid Body Marker,Rigid Body Marker,Rigid Body Marker,Rigid Body Marker,Rigid Body Marker,Marker,Marker,Marker,Marker,Marker,Marker,Marker,Marker,Marker,Marker,Marker,Marker,Marker,Marker,Marker,Marker,Marker,Marker,Marker,Marker,Marker,Marker,Marker,Marker,Marker,Marker,Marker,Marker,Marker,Marker,Marker,Marker,Marker,Marker,Marker,Marker,Marker,Marker,Marker,Marker,Marker,Marker,Marker,Marker,Marker,Marker,Marker,Marker,Marker,Marker,Marker,Marker,Marker,Marker,Marker,Marker,Marker,Marker,Marker,Marker,Marker,Marker,Marker,Marker,Marker,Marker,Marker,Marker,Marker,Marker,Marker,Marker
,Name,Star,Star,Star,Star,Star,Star,Star,Star:Marker 001,Star:Marker 001,Star:Marker 001,Star:Marker 002,Star:Marker 002,Star:Marker 002,Star:Marker 003,Star:Marker 003,Star:Marker 003,Camera 001,Camera 001,Camera 001,Camera 001,Camera 001,Camera 001,Camera 001,Camera 001:Marker 001,Camera 001:Marker 001,Camera 001:Marker 001,Camera 001:Marker 002,Camera 001:Marker 002,Camera 001:Marker 002,Camera 001:Marker 003,Camera 001:Marker 003,Camera 001:Marker 003,Camera 001:Marker 001,Camera 001:Marker 001,Camera 001:Marker 001,Camera 001:Marker 002,Camera 001:Marker 002,Camera 001:Marker 002,Camera 001:Marker 003,Camera 001:Marker 003,Camera 001:Marker 003,Star:Marker 001,Star:Marker 001,Star:Marker 001,Star:Marker 002,Star:Marker 002,Star:Marker 002,Star:Marker 003,Star:Marker 003,Star:Marker 003,Unlabeled 14083,Unlabeled 14083,Unlabeled 14083,Unlabeled 14084,Unlabeled 14084,Unlabeled 14084,Unlabeled 14086,Unlabeled 14086,Unlabeled 14086,Unlabeled 14087,Unlabeled 14087,Unlabeled 14087,Unlabeled 14088,Unlabeled 14088,Unlabeled 14088,Unlabeled 14089,Unlabeled 14089,Unlabeled 14089,Unlabeled 14090,Unlabeled 14090,Unlabeled 14090,Unlabeled 14091,Unlabeled 14091,Unlabeled 14091,Unlabeled 14092,Unlabeled 14092,Unlabeled 14092,Unlabeled 14093,Unlabeled 14093,Unlabeled 14093,Unlabeled 14094,Unlabeled 14094,Unlabeled 14094,Unlabeled 14095,Unlabeled 14095,Unlabeled 14095,Unlabeled 14096,Unlabeled 14096,Unlabeled 14096,Unlabeled 14097,Unlabeled 14097,Unlabeled 14097,Unlabeled 14099,Unlabeled 14099,Unlabeled 14099,Unlabeled 14100,Unlabeled 14100,Unlabeled 14100,Unlabeled 14101,Unlabeled 14101,Unlabeled 14101,Unlabeled 14102,Unlabeled 14102,Unlabeled 14102
,ID,E1265734979C11F1ABE2E0AD00C477B3,E1265734979C11F1ABE2E0AD00C477B3,E1265734979C11F1ABE2E0AD00C477B3,E1265734979C11F1ABE2E0AD00C477B3,E1265734979C11F1ABE2E0AD00C477B3,E1265734979C11F1ABE2E0AD00C477B3,E1265734979C11F1ABE2E0AD00C477B3,"E1265734979C11F1:ABE2E0AD00C477B3","E1265734979C11F1:ABE2E0AD00C477B3","E1265734979C11F1:ABE2E0AD00C477B3","E1265734979C11F1:ABE2E0AD00C477B3","E1265734979C11F1:ABE2E0AD00C477B3","E1265734979C11F1:ABE2E0AD00C477B3","E1265734979C11F1:ABE2E0AD00C477B3","E1265734979C11F1:ABE2E0AD00C477B3","E1265734979C11F1:ABE2E0AD00C477B3",22B6D3D7979E11F1ABE2E0AD00C477B3,22B6D3D7979E11F1ABE2E0AD00C477B3,22B6D3D7979E11F1ABE2E0AD00C477B3,22B6D3D7979E11F1ABE2E0AD00C477B3,22B6D3D7979E11F1ABE2E0AD00C477B3,22B6D3D7979E11F1ABE2E0AD00C477B3,22B6D3D7979E11F1ABE2E0AD00C477B3,"22B6D3D7979E11F1:ABE2E0AD00C477B3","22B6D3D7979E11F1:ABE2E0AD00C477B3","22B6D3D7979E11F1:ABE2E0AD00C477B3","22B6D3D7979E11F1:ABE2E0AD00C477B3","22B6D3D7979E11F1:ABE2E0AD00C477B3","22B6D3D7979E11F1:ABE2E0AD00C477B3","22B6D3D7979E11F1:ABE2E0AD00C477B3","22B6D3D7979E11F1:ABE2E0AD00C477B3","22B6D3D7979E11F1:ABE2E0AD00C477B3","CF7ADDBC97B611F1:ABE2E0AD00C477B3","CF7ADDBC97B611F1:ABE2E0AD00C477B3","CF7ADDBC97B611F1:ABE2E0AD00C477B3","CF7ADDBD97B611F1:ABE2E0AD00C477B3","CF7ADDBD97B611F1:ABE2E0AD00C477B3","CF7ADDBD97B611F1:ABE2E0AD00C477B3","CF7ADDBE97B611F1:ABE2E0AD00C477B3","CF7ADDBE97B611F1:ABE2E0AD00C477B3","CF7ADDBE97B611F1:ABE2E0AD00C477B3","CF7ADDB997B611F1:ABE2E0AD00C477B3","CF7ADDB997B611F1:ABE2E0AD00C477B3","CF7ADDB997B611F1:ABE2E0AD00C477B3","CF7ADDBA97B611F1:ABE2E0AD00C477B3","CF7ADDBA97B611F1:ABE2E0AD00C477B3","CF7ADDBA97B611F1:ABE2E0AD00C477B3","CF7ADDBB97B611F1:ABE2E0AD00C477B3","CF7ADDBB97B611F1:ABE2E0AD00C477B3","CF7ADDBB97B611F1:ABE2E0AD00C477B3","1FE29:F0529DA1979911F1","1FE29:F0529DA1979911F1","1FE29:F0529DA1979911F1","1FF9C:F0529DA1979911F1","1FF9C:F0529DA1979911F1","1FF9C:F0529DA1979911F1","1FFA0:F0529DA1979911F1","1FFA0:F0529DA1979911F1","1FFA0:F0529DA1979911F1","1FFA1:F0529DA1979911F1","1FFA1:F0529DA1979911F1","1FFA1:F0529DA1979911F1","1FFA2:F0529DA1979911F1","1FFA2:F0529DA1979911F1","1FFA2:F0529DA1979911F1","1FFA3:F0529DA1979911F1","1FFA3:F0529DA1979911F1","1FFA3:F0529DA1979911F1","1FFA4:F0529DA1979911F1","1FFA4:F0529DA1979911F1","1FFA4:F0529DA1979911F1","1FFA8:F0529DA1979911F1","1FFA8:F0529DA1979911F1","1FFA8:F0529DA1979911F1","1FFA9:F0529DA1979911F1","1FFA9:F0529DA1979911F1","1FFA9:F0529DA1979911F1","1FFAA:F0529DA1979911F1","1FFAA:F0529DA1979911F1","1FFAA:F0529DA1979911F1","1FFAC:F0529DA1979911F1","1FFAC:F0529DA1979911F1","1FFAC:F0529DA1979911F1","1FFAD:F0529DA1979911F1","1FFAD:F0529DA1979911F1","1FFAD:F0529DA1979911F1","1FFAE:F0529DA1979911F1","1FFAE:F0529DA1979911F1","1FFAE:F0529DA1979911F1","1FFAF:F0529DA1979911F1","1FFAF:F0529DA1979911F1","1FFAF:F0529DA1979911F1","1FFB1:F0529DA1979911F1","1FFB1:F0529DA1979911F1","1FFB1:F0529DA1979911F1","1FFB2:F0529DA1979911F1","1FFB2:F0529DA1979911F1","1FFB2:F0529DA1979911F1","1FFB3:F0529DA1979911F1","1FFB3:F0529DA1979911F1","1FFB3:F0529DA1979911F1","1FFB5:F0529DA1979911F1","1FFB5:F0529DA1979911F1","1FFB5:F0529DA1979911F1"
,Parent,,,,,,,,Star,Star,Star,Star,Star,Star,Star,Star,Star,,,,,,,,Camera 001,Camera 001,Camera 001,Camera 001,Camera 001,Camera 001,Camera 001,Camera 001,Camera 001,,,,,,,,,,,,,,,,,,,,,,,,,,,,,,,,,,,,,,,,,,,,,,,,,,,,,,,,,,,,,,,,,,,,,,,,
,,Rotation,Rotation,Rotation,Rotation,Position,Position,Position,Position,Position,Position,Position,Position,Position,Position,Position,Position,Rotation,Rotation,Rotation,Rotation,Position,Position,Position,Position,Position,Position,Position,Position,Position,Position,Position,Position,Position,Position,Position,Position,Position,Position,Position,Position,Position,Position,Position,Position,Position,Position,Position,Position,Position,Position,Position,Position,Position,Position,Position,Position,Position,Position,Position,Position,Position,Position,Position,Position,Position,Position,Position,Position,Position,Position,Position,Position,Position,Position,Position,Position,Position,Position,Position,Position,Position,Position,Position,Position,Position,Position,Position,Position,Position,Position,Position,Position,Position,Position,Position,Position,Position,Position,Position,Position,Position,Position,Position,Position
Frame,Time (Seconds),X,Y,Z,W,X,Y,Z,X,Y,Z,X,Y,Z,X,Y,Z,X,Y,Z,W,X,Y,Z,X,Y,Z,X,Y,Z,X,Y,Z,X,Y,Z,X,Y,Z,X,Y,Z,X,Y,Z,X,Y,Z,X,Y,Z,X,Y,Z,X,Y,Z,X,Y,Z,X,Y,Z,X,Y,Z,X,Y,Z,X,Y,Z,X,Y,Z,X,Y,Z,X,Y,Z,X,Y,Z,X,Y,Z,X,Y,Z,X,Y,Z,X,Y,Z,X,Y,Z,X,Y,Z,X,Y,Z
0,0.000000,-0.436296,-0.001921,0.899801,0.000036,104.569344,730.629761,2181.617188,46.096245,731.143860,2192.181641,123.764160,729.599182,2126.487793,143.847672,731.146301,2226.182373,0.004671,0.435251,-0.007749,0.900264,-1718.619507,1259.514038,-816.036682,-1813.373779,1286.712891,-949.724426,-1728.258789,1281.586548,-720.211426,-1614.225464,1210.243164,-778.174072,-1814.054077,1287.049927,-949.881104,-1728.126465,1281.366577,-721.055359,-1613.540039,1210.088257,-776.969055,44.953564,731.152466,2192.305176,124.050438,729.578796,2125.365967,145.079391,731.163025,2227.612549,268.063568,634.307617,2152.013184,2580.256836,142.944412,-1852.324341,,,,,,,,,,,,,,,,,,,,,,,,,,,,,,,,,,,,,,,,,,,,,,,,
1,0.008333,-0.436351,-0.001848,0.899775,-0.000189,104.564911,730.620789,2181.599854,46.090351,731.118408,2192.156738,123.766808,729.578674,2126.472900,143.837631,731.165283,2226.169678,0.004760,0.435212,-0.007938,0.900280,-1718.601807,1259.481934,-816.007629,-1813.333740,1286.719849,-949.703247,-1728.239868,1281.558716,-720.183228,-1614.231567,1210.167358,-778.136169,-1814.042603,1287.071533,-949.864624,-1728.128540,1281.348145,-721.038147,-1613.506836,1209.992188,-776.924805,44.952457,731.126709,2192.284180,124.055573,729.557739,2125.334473,145.052521,731.182922,2227.596191,268.083313,634.301147,2152.057861,2582.051758,146.276520,-1853.512329,,,,,,,,,,,,,,,,,,,,,,,,,,,,,,,,,,,,,,,,,,,,,,,,
2,0.016667,-0.436493,-0.001650,0.899706,0.000018,104.580040,730.579956,2181.618896,46.102413,731.111267,2192.157227,123.798782,729.517700,2126.498291,143.838974,731.110901,2226.201172,0.004611,0.435201,-0.008352,0.900283,-1718.583252,1259.426880,-815.964905,-1813.296143,1286.639038,-949.679199,-1728.209229,1281.569824,-720.154541,-1614.244141,1210.071777,-778.060730,-1814.043579,1287.012573,-949.837036,-1728.131470,1281.373047,-721.028992,-1613.461304,1209.868408,-776.833557,44.926910,731.120544,2192.283691,124.094543,729.496643,2125.376221,145.071823,731.127808,2227.611816,267.980194,634.359253,2152.003418,2583.643555,150.275101,-1855.051636,,,,,,,,,,,,,,,,,,,,,,,,,,,,,,,,,,,,,,,,,,,,,,,,
3,0.025000,-0.436517,-0.002144,0.899694,-0.000048,104.569435,730.590271,2181.618652,46.090969,731.080627,2192.154297,123.791672,729.584473,2126.498291,143.825684,731.105774,2226.203369,0.004743,0.435240,-0.008120,0.900265,-1718.591797,1259.477661,-815.999695,-1813.323975,1286.719849,-949.694275,-1728.216797,1281.575562,-720.178833,-1614.234497,1210.137695,-778.125732,-1814.053711,1287.079224,-949.876587,-1728.110840,1281.372070,-721.008240,-1613.479980,1209.950073,-776.895752,44.923752,731.088928,2192.270508,124.076508,729.564758,2125.387451,145.102875,731.122681,2227.661133,268.074524,634.288818,2152.019775,2585.460449,155.160690,-1856.742188,,,,,,,,,,,,,,,,,,,,,,,,,,,,,,,,,,,,,,,,,,,,,,,,
4,0.033333,-0.436376,-0.001604,0.899763,-0.000160,104.597046,730.597168,2181.634521,46.122036,731.114685,2192.187744,123.801720,729.527100,2126.509277,143.867432,731.149780,2226.206299,0.005255,0.435223,-0.008105,0.900271,-1718.605835,1259.559814,-816.001587,-1813.320679,1286.966675,-949.674988,-1728.225830,1281.572388,-720.160583,-1614.270996,1210.140869,-778.169128,-1814.072998,1287.339111,-949.856873,-1728.123413,1281.366211,-721.019897,-1613.489258,1209.942871,-776.905884,44.920464,731.123413,2192.294678,124.083977,729.506836,2125.436768,145.152451,731.167053,2227.619629,268.075317,634.242981,2152.016602,2588.705322,158.413071,-1858.480347,2838.719971,103.633987,-2378.722168,,,,,,,,,,,,,,,,,,,,,,,,,,,,,,,,,,,,,,,,,,,,,
5,0.041667,-0.436338,-0.001625,0.899781,-0.000272,104.564919,730.550354,2181.602051,46.090656,731.055542,2192.160400,123.765160,729.481201,2126.475098,143.838974,731.114258,2226.170410,0.004788,0.435199,-0.007956,0.900286,-1718.612183,1259.478882,-815.983643,-1813.338623,1286.726807,-949.681152,-1728.251831,1281.552979,-720.158752,-1614.245850,1210.157104,-778.110901,-1814.051392,1287.080444,-949.844604,-1728.147217,1281.347534,-721.005005,-1613.513184,1209.976929,-776.904053,44.946095,731.063721,2192.263428,124.031868,729.460388,2125.367188,145.206421,731.134277,2227.742920,268.180054,634.096924,2152.127197,2592.354004,161.624680,-1860.285645,2847.627686,96.262939,-2377.352295,,,,,,,,,,,,,,,,,,,,,,,,,,,,,,,,,,,,,,,,,,,,,
6,0.050000,-0.436383,-0.001520,0.899760,-0.000669,104.553070,730.555542,2181.605957,46.077469,731.029968,2192.158203,123.759590,729.468933,2126.481689,143.822205,731.167664,2226.178223,0.004607,0.435209,-0.007996,0.900282,-1718.596558,1259.455688,-815.975586,-1813.328735,1286.647339,-949.680542,-1728.235596,1281.563477,-720.158447,-1614.225098,1210.156616,-778.087646,-1814.038086,1287.001343,-949.830017,-1728.135498,1281.356323,-721.026428,-1613.497070,1209.977905,-776.887878,44.899803,731.037659,2192.269775,124.041199,729.447571,2125.369141,145.144638,731.188293,2227.679443,268.054077,634.249817,2152.038818,2598.559814,162.635620,-1860.371216,2847.400391,97.327164,-2378.231445,,,,,,,,,,,,,,,,,,,,,,,,,,,,,,,,,,,,,,,,,,,,,
7,0.058333,-0.436442,-0.001618,0.899731,-0.000020,104.549362,730.590332,2181.633057,46.072937,731.120300,2192.177979,123.761810,729.523926,2126.510498,143.813370,731.126831,2226.210693,0.004721,0.435255,-0.007554,0.900263,-1718.615234,1259.485107,-816.004028,-1813.378662,1286.689697,-949.684143,-1728.260742,1281.529541,-720.172913,-1614.205811,1210.236450,-778.154907,-1814.064575,1287.027344,-949.853210,-1728.125366,1281.312134,-720.995911,-1613.512817,1210.079834,-776.937805,44.917774,731.129150,2192.296875,124.046501,729.502869,2125.388916,145.087067,731.144592,2227.680420,268.005157,634.375732,2151.971436,2605.978516,160.296158,-1858.671387,2847.788818,97.440918,-2378.654297,,,,,,,,,,,,,,,,,,,,,,,,,,,,,,,,,,,,,,,,,,,,,
8,0.066667,-0.436440,-0.001343,0.899732,-0.000150,104.543037,730.593994,2181.624756,46.066628,731.130676,2192.169434,123.755264,729.493835,2126.502441,143.807266,731.157471,2226.201660,0.004580,0.435310,-0.007650,0.900237,-1718.616577,1259.491211,-816.013977,-1813.395508,1286.655396,-949.691406,-1728.249146,1281.568359,-720.189087,-1614.204956,1210.250122,-778.161377,-1814.057495,1286.984375,-949.836853,-1728.116699,1281.348511,-721.032593,-1613.542603,1210.102905,-776.984375,44.910053,731.139709,2192.292725,124.042152,729.471069,2125.327881,145.119537,731.177429,2227.755371,268.112579,634.201172,2152.054932,2612.655518,158.190628,-1857.141724,2847.834961,97.483437,-2378.814697,2600.603760,191.498093,-1874.936157,,,,,,,,,,,,,,,,,,,,,,,,,,,,,,,,,,,,,,,,,,
9,0.075000,-0.436390,-0.001526,0.899756,-0.000555,104.529076,730.625793,2181.610596,46.053379,731.110840,2192.161865,123.736267,729.541443,2126.486328,143.797607,731.225220,2226.183350,0.004701,0.435295,-0.007775,0.900242,-1718.599854,1259.492676,-816.003723,-1813.365234,1286.702881,-949.681274,-1728.228271,1281.562622,-720.176758,-1614.205688,1210.212646,-778.153076,-1814.042969,1287.039673,-949.832092,-1728.110352,1281.351074,-721.016602,-1613.520386,1210.052490,-776.979248,44.906540,731.118530,2192.269775,124.007271,729.519653,2125.347412,145.178818,731.247070,2227.795898,268.008087,634.258972,2152.009033,2618.664551,156.295639,-1855.765015,2847.402344,97.901070,-2378.849854,2609.092285,194.576691,-1882.747925,-1660.761108,1383.775269,-688.532104,,,,,,,,,,,,,,,,,,,,,,,,,,,,,,,,,,,,,,,
10,0.083333,-0.436368,-0.001386,0.899767,-0.000612,104.539528,730.625366,2181.624512,46.064377,731.114685,2192.178467,123.743958,729.523926,2126.499756,143.810287,731.237549,2226.195068,0.004650,0.435333,-0.007972,0.900222,-1718.590454,1259.483765,-815.996704,-1813.359375,1286.688354,-949.672974,-1728.203491,1281.581909,-720.174683,-1614.208374,1210.181519,-778.142334,-1814.064941,1287.040283,-949.822937,-1728.112061,1281.382568,-721.024170,-1613.479614,1209.999268,-776.961121,44.933601,731.122620,2192.298584,124.023277,729.501160,2125.330322,145.100113,731.259033,2227.736572,267.985596,634.273865,2152.010254,,,,2847.485840,97.769653,-2378.769531,2615.860840,202.676697,-1891.027466,-1660.748535,1383.736694,-688.603455,,,,,,,,,,,,,,,,,,,,,,,,,,,,,,,,,,,,,,,
11,0.091667,-0.436267,-0.001668,0.899816,-0.000377,104.533562,730.621155,2181.610840,46.060875,731.113342,2192.178223,123.725388,729.555603,2126.480713,143.814468,731.194580,2226.172852,0.004700,0.435262,-0.007982,0.900256,-1718.601685,1259.449097,-815.971741,-1813.347778,1286.669922,-949.660828,-1728.228516,1281.540283,-720.149536,-1614.228638,1210.137329,-778.104736,-1814.050537,1287.018311,-949.823425,-1728.128662,1281.340332,-720.976868,-1613.504639,1209.958008,-776.920776,44.923195,731.121338,2192.296387,124.004654,729.534363,2125.350098,145.090958,731.213989,2227.664795,268.089050,634.247620,2152.034424,,,,2846.750488,98.233421,-2378.808838,2623.711426,212.220169,-1900.263916,-1660.737061,1383.702148,-688.667603,2680.565186,92.513191,-1990.762451,,,,,,,,,,,,,,,,,,,,,,,,,,,,,,,,,,,,
12,0.100000,-0.436424,-0.001677,0.899740,-0.000402,104.520912,730.594482,2181.619141,46.044483,731.083557,2192.166260,123.732048,729.529602,2126.496094,143.786224,731.170166,2226.195068,0.004709,0.435245,-0.007998,0.900264,-1718.590576,1259.473145,-816.007935,-1813.330811,1286.697876,-949.700500,-1728.220215,1281.564331,-720.185974,-1614.220703,1210.157593,-778.137207,-1814.030396,1287.043091,-949.871277,-1728.090454,1281.347168,-721.021179,-1613.509888,1209.993164,-776.908447,44.923691,731.091431,2192.285889,124.010231,729.508240,2125.358887,145.030380,731.189453,2227.666992,268.039154,634.309448,2152.014893,,,,2847.312256,97.461227,-2378.580566,2627.577637,226.245087,-1911.297485,-1660.726685,1383.671021,-688.725342,2686.093994,93.249832,-1992.471436,,,,,,,,,,,,,,,,,,,,,,,,,,,,,,,,,,,,
13,0.108333,-0.436561,-0.001681,0.899673,-0.000304,104.543762,730.588318,2181.591309,46.064243,731.086609,2192.120605,123.771477,729.525269,2126.473877,143.795609,731.153137,2226.179199,0.004718,0.435299,-0.007698,0.900241,-1718.599976,1259.481934,-816.002686,-1813.369995,1286.693481,-949.676758,-1728.230225,1281.541260,-720.173462,-1614.199341,1210.211304,-778.157715,-1814.047119,1287.027832,-949.838257,-1728.096558,1281.323730,-721.000061,-1613.517090,1210.057495,-776.956787,44.911568,731.094971,2192.247070,124.062378,729.503540,2125.317627,145.052536,731.172058,2227.658447,268.091705,634.317993,2152.030762,,,,2847.733887,96.824532,-2378.362061,2638.184570,233.423294,-1920.526245,,,,2692.942871,94.887512,-1994.561279,,,,,,,,,,,,,,,,,,,,,,,,,,,,,,,,,,,,
14,0.116667,-0.436497,-0.001656,0.899704,-0.000325,104.570900,730.624939,2181.628418,46.092854,731.122864,2192.166016,123.790863,729.558716,2126.508545,143.829025,731.193176,2226.210938,0.004751,0.435233,-0.008205,0.900268,-1718.580444,1259.427979,-815.984436,-1813.306396,1286.677612,-949.682007,-1728.203125,1281.533081,-720.165039,-1614.231689,1210.073608,-778.106140,-1814.045410,1287.043823,-949.855530,-1728.111572,1281.334351,-721.010376,-1613.460693,1209.876587,-776.877563,44.950085,731.131226,2192.291260,124.078606,729.537109,2125.358643,145.075745,731.212219,2227.680176,268.148376,634.276917,2152.067871,,,,2847.549805,96.777512,-2378.348145,2649.720703,240.335632,-1929.863159,,,,2701.243408,95.993340,-1996.498047,,,,,,,,,,,,,,,,,,,,,,,,,,,,,,,,,,,,
15,0.125000,-0.436447,-0.001328,0.899729,-0.000363,104.572769,730.605835,2181.656250,46.095997,731.123108,2192.200195,123.786316,729.501099,2126.534668,143.836029,731.193298,2226.233887,0.004668,0.435250,-0.007853,0.900264,-1718.617920,1259.506348,-816.003418,-1813.367188,1286.709839,-949.693787,-1728.253296,1281.589722,-720.180298,-1614.233032,1210.219727,-778.136108,-1814.047241,1287.044800,-949.862000,-1728.134277,1281.384766,-720.979187,-1613.541992,1210.056641,-776.960388,44.951717,731.131775,2192.327881,124.076248,729.478333,2125.367676,145.084076,731.213135,2227.715820,268.158203,634.221741,2152.066162,,,,2846.744629,97.399986,-2378.543457,2666.418701,241.485947,-1936.292480,,,,2707.928467,99.447990,-1999.341553,,,,,,,,,,,,,,,,,,,,,,,,,,,,,,,,,,,,
16,0.133333,-0.436419,-0.001238,0.899743,-0.000349,104.601707,730.596191,2181.693848,46.125671,731.121094,2192.241211,123.811676,729.481140,2126.571289,143.867813,731.186340,2226.268799,0.004632,0.435268,-0.008103,0.900253,-1718.588257,1259.453369,-815.988525,-1813.332031,1286.659180,-949.682373,-1728.210083,1281.567871,-720.171143,-1614.222412,1210.133667,-778.112000,-1814.045898,1287.014282,-949.841125,-1728.101196,1281.356323,-721.036316,-1613.491333,1209.956421,-776.894897,44.929398,731.130310,2192.376221,124.118713,729.458679,2125.431152,145.087723,731.204895,2227.663818,268.253174,634.180176,2152.121338,,,,2846.649902,97.324890,-2378.545410,2681.447021,242.521225,-1942.078979,,,,2713.944824,102.557175,-2001.900635,2662.753418,268.608734,-1957.133789,,,,,,,,,,,,,,,,,,,,,,,,,,,,,,,,,
17,0.141667,-0.436355,-0.001658,0.899773,-0.000320,104.598122,730.581604,2181.660889,46.123417,731.079895,2192.217041,123.800598,729.515625,2126.534668,143.870377,731.149170,2226.230957,0.004746,0.435236,-0.007839,0.900270,-1718.593506,1259.474854,-816.005005,-1813.337280,1286.702881,-949.694275,-1728.230957,1281.544067,-720.178772,-1614.211914,1210.177979,-778.141785,-1814.029419,1287.046997,-949.847168,-1728.126953,1281.340210,-721.017944,-1613.503906,1210.005493,-776.966309,45.001045,731.088013,2192.337891,124.079819,729.494202,2125.395264,145.111816,731.168213,2227.699707,268.149994,634.228638,2152.058105,,,,2847.022461,97.034683,-2378.470947,2694.972412,243.452988,-1947.286743,,,,2719.359619,105.355438,-2004.203857,2673.029541,277.532471,-1969.633667,,,,,,,,,,,,,,,,,,,,,,,,,,,,,,,,,
18,0.150000,-0.436398,-0.001337,0.899752,-0.000484,104.580009,730.562927,2181.649170,46.104282,731.067932,2192.199219,123.787849,729.457581,2126.525635,143.847946,731.163269,2226.222412,0.004576,0.435242,-0.007574,0.900270,-1718.596313,1259.480225,-815.980652,-1813.358887,1286.638916,-949.670776,-1728.246460,1281.550537,-720.155945,-1614.183594,1210.251587,-778.115112,-1814.012695,1286.966553,-949.797668,-1728.137329,1281.342285,-721.004761,-1613.525635,1210.098022,-776.986816,44.958282,731.076294,2192.322510,124.074181,729.435242,2125.387451,145.103317,731.183228,2227.690430,268.233765,634.177795,2152.105957,,,,2846.668457,97.558174,-2378.680664,,,,,,,,,,2682.531006,287.071899,-1983.657959,,,,,,,,,,,,,,,,,,,,,,,,,,,,,,,,,
19,0.158333,-0.436217,-0.001324,0.899840,-0.000818,104.561211,730.579590,2181.666016,46.089432,731.053467,2192.239502,123.747597,729.468201,2126.535156,143.846664,731.217102,2226.223389,0.004820,0.435151,-0.007887,0.900310,-1718.603149,1259.470581,-815.998169,-1813.317505,1286.724976,-949.702942,-1728.255371,1281.532593,-720.171814,-1614.236206,1210.154541,-778.119751,-1814.018066,1287.072632,-949.862366,-1728.130005,1281.313354,-721.034729,-1613.526123,1209.988892,-776.896423,44.958370,731.060974,2192.352051,124.019699,729.445984,2125.402588,145.160568,731.239380,2227.763916,268.092865,634.265381,2152.045654,,,,2846.303711,98.029930,-2378.921387,,,,,,,,,,2691.597412,295.322357,-1997.784058,,,,,,,,,,,,,,,,,,,,,,,,,,,,,,,,,
20,0.166667,-0.436535,-0.001582,0.899685,-0.000937,104.594231,730.610535,2181.682617,46.114788,731.054932,2192.214844,123.820068,729.527466,2126.564941,143.847885,731.249207,2226.267822,0.004723,0.435251,-0.007619,0.900264,-1718.609619,1259.492798,-816.000793,-1813.368774,1286.701538,-949.683044,-1728.253296,1281.543457,-720.170959,-1614.206421,1210.233398,-778.148376,-1814.055786,1287.043823,-949.829895,-1728.147583,1281.337646,-721.018250,-1613.506104,1210.064819,-776.976990,44.987148,731.062073,2192.336914,124.101692,729.505249,2125.407227,145.104355,731.270935,2227.765625,268.097015,634.228394,2152.053711,,,,2846.501221,98.126526,-2379.070557,,,,,,,,,,2700.295654,302.101654,-2011.182983,,,,,,,,,,,,,,,,,,,,,,,,,,,,,,,,,
21,0.175000,-0.436201,-0.001850,0.899847,-0.000548,104.587044,730.611389,2181.637451,46.115665,731.074341,2192.213623,123.771339,729.564697,2126.504639,143.874176,731.195190,2226.194092,0.004647,0.435219,-0.008122,0.900276,-1718.595215,1259.485718,-815.991638,-1813.323364,1286.697021,-949.695496,-1728.226440,1281.599609,-720.175110,-1614.235840,1210.160767,-778.104248,-1814.034058,1287.051025,-949.850952,-1728.124634,1281.393188,-721.033752,-1613.505493,1209.981323,-776.901489,44.932396,731.082153,2192.337646,124.064415,729.543579,2125.365234,145.165741,731.214722,2227.676270,268.091980,634.137878,2152.113770,,,,2847.105713,97.871971,-2379.062744,,,,,,,,,,2708.968994,307.360840,-2023.699097,-1660.758301,1383.818970,-688.535034,,,,,,,,,,,,,,,,,,,,,,,,,,,,,,
22,0.183333,-0.436293,-0.002068,0.899802,-0.000625,104.565376,730.621704,2181.660156,46.091675,731.061951,2192.224609,123.761322,729.599243,2126.531006,143.843170,731.203918,2226.225098,0.004660,0.435234,-0.007857,0.900271,-1718.594849,1259.505371,-815.995728,-1813.339478,1286.706543,-949.690002,-1728.233643,1281.590454,-720.173279,-1614.211426,1210.219482,-778.123840,-1814.032593,1287.051025,-949.844055,-1728.121460,1281.380371,-721.022400,-1613.505981,1210.050903,-776.934937,44.905758,731.069641,2192.362793,124.068634,729.578003,2125.364990,145.075668,731.222778,2227.658203,268.023376,634.186951,2152.035645,,,,2846.420166,98.818886,-2379.382324,,,,,,,,,,2716.116455,313.696198,-2036.197388,-1660.755005,1383.772949,-688.618713,,,,,,,,,,,,,,,,,,,,,,,,,,,,,,
23,0.191667,-0.436372,-0.001996,0.899764,-0.000760,104.570686,730.585938,2181.629883,46.095066,731.018311,2192.183838,123.776466,729.553223,2126.504150,143.840561,731.186218,2226.201416,0.004768,0.435236,-0.008009,0.900268,-1718.594971,1259.480347,-816.008240,-1813.330566,1286.724609,-949.700134,-1728.224976,1281.562988,-720.184326,-1614.229492,1210.153687,-778.140076,-1814.037598,1287.075073,-949.864990,-1728.111938,1281.353027,-721.030762,-1613.506592,1209.979248,-776.930054,44.965691,731.025330,2192.309570,124.060745,729.531677,2125.326904,145.095306,731.206909,2227.708496,267.979797,634.273193,2152.029541,,,,2846.728516,98.784569,-2379.492676,,,,,,,,,,2723.758057,318.439728,-2049.254883,-1660.752197,1383.731445,-688.694031,,,,,,,,,,,,,,,,,,,,,,,,,,,,,,
24,0.200000,-0.436373,-0.001663,0.899764,-0.000451,104.567085,730.602112,2181.642822,46.091846,731.087463,2192.196533,123.772026,729.534973,2126.517578,143.837418,731.183838,2226.214111,0.004538,0.435260,-0.007966,0.900258,-1718.597412,1259.481934,-815.995789,-1813.347778,1286.649536,-949.692749,-1728.228271,1281.598022,-720.179749,-1614.216064,1210.198364,-778.114868,-1814.041626,1286.998413,-949.824829,-1728.132812,1281.391479,-721.057556,-1613.507324,1210.025513,-776.942444,44.927624,731.095642,2192.323730,124.064377,729.512939,2125.347168,145.124786,731.203796,2227.729248,267.968414,634.287292,2151.984619,,,,2840.399902,104.366219,-2381.096924,,,,,,,,,,2731.034668,322.995178,-2062.473633,-1660.749634,1383.694214,-688.761841,,,,,,,,,,,,,,,,,,,,,,,,,,,,,,
25,0.208333,-0.436291,-0.001689,0.899804,-0.000605,104.582893,730.609863,2181.651367,46.109402,731.078613,2192.215576,123.778221,729.543762,2126.522705,143.861084,731.207275,2226.215576,0.004739,0.435207,-0.007890,0.900284,-1718.610107,1259.463501,-815.992554,-1813.343262,1286.691895,-949.689392,-1728.251831,1281.539062,-720.168152,-1614.235229,1210.160034,-778.119934,-1814.048462,1287.041992,-949.848145,-1728.139282,1281.327515,-721.025146,-1613.515625,1209.987061,-776.911926,44.928211,731.086609,2192.343994,124.074982,729.521973,2125.371338,145.144333,731.227295,2227.699707,267.952423,634.278076,2152.012207,,,,2834.046387,109.582123,-2382.789551,,,,,,,,,,2739.326172,325.689758,-2075.810791,,,,,,,,,,,,,,,,,,,,,,,,,,,,,,,,,
26,0.216667,-0.436227,-0.001402,0.899835,-0.000841,104.587158,730.592346,2181.639160,46.115093,731.058533,2192.211426,123.774887,729.489685,2126.508545,143.871536,731.228821,2226.197510,0.004755,0.435231,-0.007847,0.900272,-1718.621338,1259.491455,-816.012085,-1813.363281,1286.722656,-949.702026,-1728.259277,1281.560059,-720.185730,-1614.241333,1210.192017,-778.148376,-1814.059082,1287.066895,-949.865967,-1728.131226,1281.342163,-721.031433,-1613.535645,1210.028687,-776.928101,44.939800,731.066223,2192.332764,124.064278,729.467712,2125.385254,145.147339,731.249756,2227.655762,268.027130,634.263245,2151.968750,,,,2834.774658,109.020126,-2382.755615,,,,,,,,,,2748.593262,326.790344,-2089.278809,,,,,,,,,,,,,,,,,,,,,,,,,,,,,,,,,
27,0.225000,-0.436449,-0.001434,0.899728,-0.000842,104.589615,730.578247,2181.670898,46.112305,731.042175,2192.214355,123.804504,729.479248,2126.549805,143.852051,731.213318,2226.248535,0.004722,0.435236,-0.007846,0.900270,-1718.611938,1259.506226,-816.022400,-1813.356079,1286.726929,-949.712952,-1728.249512,1281.579956,-720.197205,-1614.229980,1210.212036,-778.156860,-1814.040527,1287.064209,-949.881836,-1728.102661,1281.354126,-721.030579,-1613.541504,1210.061279,-776.917236,44.957203,731.049744,2192.337158,124.093254,729.457520,2125.435303,145.084961,731.233582,2227.667236,268.030823,634.201233,2152.020996,,,,2835.227783,108.967758,-2382.847168,,,,,,,,,,2756.641113,328.958282,-2103.652588,,,,,,,,,,,,,,,,,,,,,,,,,,,,,,,,,
28,0.233333,-0.436563,-0.000915,0.899673,-0.000840,104.586830,730.587463,2181.689209,46.107075,731.087830,2192.217285,123.815224,729.428406,2126.573975,143.838226,731.246216,2226.276367,0.004670,0.435293,-0.008137,0.900240,-1718.589233,1259.467407,-815.981934,-1813.338135,1286.687256,-949.669189,-1728.203369,1281.578735,-720.163086,-1614.225708,1210.136353,-778.113342,-1814.042969,1287.035645,-949.838562,-1728.081421,1281.364746,-721.002869,-1613.507324,1209.966797,-776.890869,44.940109,731.096191,2192.342041,124.107430,729.404907,2125.428711,145.117020,731.268372,2227.762939,268.021027,634.193237,2152.018799,,,,2835.187988,109.444939,-2383.075195,,,,,,,,,,2766.768066,328.372375,-2117.520508,,,,,,,,,,,,,,,,,,,,,,,,,,,,,,,,,
29,0.241667,-0.436584,-0.000980,0.899662,-0.000784,104.583931,730.579834,2181.684326,46.103729,731.081055,2192.209717,123.814865,729.429077,2126.569824,143.833252,731.229370,2226.273193,0.004655,0.435297,-0.007738,0.900241,-1718.601196,1259.475098,-815.999512,-1813.370361,1286.668457,-949.677856,-1728.231445,1281.548950,-720.173584,-1614.201782,1210.208252,-778.146851,-1814.035400,1286.997681,-949.831360,-1728.099976,1281.332520,-720.999695,-1613.534180,1210.058594,-776.968018,44.954201,731.089294,2192.327881,124.096985,729.405457,2125.406982,145.154816,731.252441,2227.834717,268.041107,634.294617,2152.013428,,,,2835.909912,109.255714,-2383.202881,,,,,,,,,,2774.506348,329.322388,-2132.682861,,,,,,,,,,,,,,,,,,,,,,,,,,,,,,,,,
30,0.250000,-0.436761,-0.001204,0.899577,-0.000846,104.585655,730.589539,2181.693115,46.101173,731.069153,2192.195557,123.838547,729.463867,2126.585693,143.817276,731.235474,2226.297607,0.004628,0.435267,-0.007696,0.900257,-1718.600708,1259.469849,-816.003235,-1813.363403,1286.651978,-949.688477,-1728.239624,1281.544067,-720.178345,-1614.198975,1210.213867,-778.142822,-1814.036743,1286.986328,-949.838745,-1728.114258,1281.328247,-721.020325,-1613.520752,1210.058960,-776.961914,44.966198,731.077026,2192.320801,124.125404,729.440613,2125.419434,145.065826,731.257385,2227.788330,268.000519,634.377197,2151.971191,,,,2848.080078,99.970070,-2380.781250,,,,,,,,,,2784.071777,327.778168,-2147.059082,,,,,,,,,,,,,,,,,,,,,,,,,,,,,,,,,
31,0.258333,-0.436591,-0.001451,0.899659,-0.000769,104.582626,730.592163,2181.685059,46.102070,731.061890,2192.209961,123.814835,729.496155,2126.569824,143.831009,731.218506,2226.275146,0.004688,0.435229,-0.007905,0.900273,-1718.597046,1259.450317,-816.009338,-1813.337280,1286.663086,-949.704224,-1728.234131,1281.535767,-720.186829,-1614.219482,1210.152344,-778.136841,-1814.046509,1287.014404,-949.868408,-1728.125244,1281.328003,-721.032227,-1613.492676,1209.975708,-776.929688,44.973743,731.069519,2192.335205,124.100548,729.473755,2125.414795,145.058167,731.239258,2227.736084,268.075562,634.278015,2152.040283,,,,2848.837891,99.960709,-2380.846191,,,,,,,,,,2793.623291,325.108887,-2161.479736,,,,,,,,,,,,,,,,,,,,,,,,,,,,,,,,,
32,0.266667,-0.436507,-0.001867,0.899699,-0.000718,104.564507,730.622742,2181.666260,46.085789,731.068237,2192.202637,123.786674,729.575745,2126.546631,143.821060,731.224304,2226.249756,0.005139,0.435220,-0.007894,0.900275,-1718.617554,1259.537231,-816.011108,-1813.344238,1286.895020,-949.686035,-1728.249023,1281.547485,-720.170715,-1614.259277,1210.169434,-778.176453,-1814.067139,1287.253662,-949.853271,-1728.145020,1281.341797,-721.022705,-1613.514038,1209.984009,-776.954651,44.977940,731.075378,2192.328857,124.068741,729.554077,2125.375488,145.029510,731.244446,2227.713623,268.107697,634.239197,2151.997314,,,,2849.339600,100.163460,-2380.878418,,,,,,,,,,2807.723145,316.668915,-2174.421631,,,,,,,,,,,,,,,,,,,,,,,,,,,,,,,,,
33,0.275000,-0.436355,-0.001924,0.899772,-0.000646,104.556526,730.602295,2181.664551,46.081417,731.050659,2192.220459,123.759987,729.562866,2126.538086,143.828217,731.193420,2226.234619,0.004612,0.435292,-0.007934,0.900243,-1718.608398,1259.496216,-816.019165,-1813.367798,1286.686279,-949.705017,-1728.232422,1281.596802,-720.198792,-1614.224731,1210.205933,-778.153564,-1814.053833,1287.028198,-949.851685,-1728.123291,1281.387573,-721.050354,-1613.527344,1210.039673,-776.978333,44.939648,731.057861,2192.336670,124.037315,729.541748,2125.383301,145.153915,731.214355,2227.798828,268.101074,634.216309,2152.028564,,,,2849.662598,100.468361,-2381.018311,,,,,,,,,,2812.225586,318.249969,-2190.636230,,,,-1660.762695,1383.806274,-688.539734,,,,,,,,,,,,,,,,,,,,,,,,,,,
34,0.283333,-0.436406,-0.001922,0.899748,-0.000597,104.561012,730.617920,2181.676270,46.084755,731.071167,2192.225830,123.770615,729.578918,2126.552002,143.827713,731.203735,2226.250977,0.004815,0.435242,-0.007956,0.900265,-1718.600342,1259.472168,-816.029602,-1813.338989,1286.728638,-949.716736,-1728.230347,1281.541870,-720.202759,-1614.231567,1210.146240,-778.169189,-1814.038818,1287.072510,-949.896118,-1728.108276,1281.334229,-721.007874,-1613.517578,1209.976562,-776.957825,44.989040,731.078247,2192.340088,124.037819,729.557922,2125.405518,145.089661,731.224121,2227.769531,268.023712,634.294373,2151.978516,,,,2849.745850,100.899078,-2381.263672,,,,,,,,,,2822.140137,312.841278,-2205.329102,,,,-1660.747803,1383.753662,-688.611328,,,,,,,,,,,,,,,,,,,,,,,,,,,
35,0.291667,-0.436619,-0.001718,0.899645,-0.000809,104.596268,730.594421,2181.643311,46.114929,731.041565,2192.164795,123.832176,729.528870,2126.528809,143.841736,731.212708,2226.236084,0.005185,0.435270,-0.007947,0.900250,-1718.614990,1259.547729,-816.012939,-1813.352661,1286.923706,-949.676208,-1728.232788,1281.555542,-720.170593,-1614.259155,1210.164185,-778.191833,-1814.080444,1287.282471,-949.858276,-1728.113281,1281.343750,-721.011169,-1613.511353,1209.982788,-776.939575,45.010925,731.048462,2192.274170,124.098793,729.507874,2125.415039,145.108566,731.233704,2227.730469,268.054718,634.342590,2152.020996,,,,2843.010254,107.020126,-2383.062500,,,,,,,,,,2836.678955,301.447937,-2218.681396,,,,-1660.734375,1383.706421,-688.675781,2877.182373,153.238068,-2283.347656,,,,,,,,,,,,,,,,,,,,,,,,
36,0.300000,-0.436659,-0.001735,0.899625,-0.000347,104.598022,730.598206,2181.687012,46.116108,731.088623,2192.203857,123.837959,729.540833,2126.573730,143.840042,731.165161,2226.283691,0.004703,0.435302,-0.008132,0.900235,-1718.598633,1259.428467,-815.996582,-1813.349731,1286.658813,-949.680298,-1728.210571,1281.534058,-720.176147,-1614.235352,1210.092896,-778.133179,-1814.058960,1287.011597,-949.839233,-1728.101807,1281.324097,-721.033875,-1613.508789,1209.916748,-776.923645,44.964542,731.096680,2192.317383,124.117638,729.519775,2125.444336,145.158997,731.184753,2227.815430,268.131744,634.281006,2152.014160,,,,2837.890869,111.357483,-2384.350342,,,,,,,,,,2847.754395,293.329620,-2233.007568,,,,-1660.722412,1383.663940,-688.733765,2890.567383,147.779968,-2302.082764,,,,,,,,,,,,,,,,,,,,,,,,
37,0.308333,-0.436535,-0.001229,0.899686,-0.000547,104.599945,730.589050,2181.679688,46.120987,731.095642,2192.211914,123.824600,729.470276,2126.562256,143.854294,731.201233,2226.264893,0.004627,0.435211,-0.007954,0.900281,-1718.604614,1259.491211,-816.010864,-1813.338745,1286.687012,-949.713562,-1728.244629,1281.591553,-720.192078,-1614.230103,1210.195435,-778.126831,-1814.036987,1287.034668,-949.865784,-1728.144653,1281.388550,-721.037476,-1613.513428,1210.019531,-776.946106,44.986038,731.104126,2192.343018,124.116257,729.446899,2125.378906,145.078598,731.221802,2227.737305,268.074951,634.245544,2152.015381,,,,2837.909180,111.496803,-2384.635254,,,,,,,,,,2851.808594,292.033936,-2250.979004,,,,,,,2902.487061,143.027985,-2321.320068,,,,,,,,,,,,,,,,,,,,,,,,
38,0.316667,-0.436399,-0.001561,0.899752,-0.000466,104.581566,730.611816,2181.657715,46.105728,731.102905,2192.208008,123.789680,729.532654,2126.533691,143.849335,731.199890,2226.231445,0.004613,0.435215,-0.007878,0.900280,-1718.607666,1259.466187,-815.998718,-1813.346924,1286.653442,-949.699524,-1728.250244,1281.561157,-720.178955,-1614.225586,1210.184326,-778.117615,-1814.038330,1286.996460,-949.855835,-1728.135132,1281.349976,-721.024292,-1613.522949,1210.017700,-776.927856,44.995438,731.110657,2192.321777,124.061157,729.511536,2125.426270,145.089340,731.219238,2227.684082,268.061066,634.260193,2152.004150,,,,2838.065430,111.828499,-2384.838135,,,,,,,,,,2861.394287,284.116150,-2267.038574,,,,,,,2920.951172,132.622437,-2340.215332,,,,,,,,,,,,,,,,,,,,,,,,
39,0.325000,-0.436480,-0.001085,0.899713,-0.000379,104.571457,730.591003,2181.681396,46.094028,731.123779,2192.220703,123.788803,729.457886,2126.561523,143.831573,731.191345,2226.261719,0.004768,0.435176,-0.007953,0.900298,-1718.596802,1259.444336,-815.988953,-1813.316895,1286.685425,-949.692383,-1728.241943,1281.521606,-720.165283,-1614.231323,1210.126221,-778.109070,-1814.027588,1287.036011,-949.866455,-1728.125610,1281.312500,-720.996033,-1613.503784,1209.951172,-776.889038,44.951790,731.132690,2192.344727,124.075600,729.435059,2125.423096,145.074524,731.211182,2227.718506,268.076538,634.256714,2152.010742,,,,2838.195801,112.126106,-2385.041260,,,,,,,,,,2870.745361,275.895264,-2283.463135,,,,,,,2937.568848,123.257446,-2357.221191,,,,,,,,,,,,,,,,,,,,,,,,
40,0.333333,-0.436443,-0.001656,0.899731,-0.000439,104.561653,730.614258,2181.667236,46.084793,731.101257,2192.211914,123.775162,729.546570,2126.544922,143.825058,731.194946,2226.244873,0.004726,0.435212,-0.007762,0.900282,-1718.609863,1259.467285,-816.004517,-1813.350952,1286.684692,-949.697937,-1728.255737,1281.531982,-720.178101,-1614.222656,1210.185425,-778.137451,-1814.047119,1287.030029,-949.856567,-1728.135742,1281.317261,-721.029968,-1613.515503,1210.018921,-776.931274,44.924145,731.109497,2192.336670,124.065926,729.525146,2125.409424,145.086533,731.214172,2227.707520,267.990326,634.309631,2151.976074,,,,2838.388916,112.497742,-2385.126953,,,,,,,,,,2880.263916,266.701080,-2300.162109,,,,,,,2952.524902,114.828949,-2372.526367,,,,,,,,,,,,,,,,,,,,,,,,
41,0.341667,-0.436319,-0.001181,0.899791,-0.000438,104.582962,730.597595,2181.667236,46.109215,731.117981,2192.227539,123.780785,729.474854,2126.540771,143.858932,731.200012,2226.233398,0.004609,0.435215,-0.007981,0.900279,-1718.597534,1259.478149,-816.005310,-1813.332031,1286.669434,-949.708618,-1728.236084,1281.584106,-720.187683,-1614.224365,1210.181030,-778.119446,-1814.042114,1287.024780,-949.854126,-1728.143799,1281.381348,-721.054810,-1613.492310,1209.998901,-776.928711,44.956211,731.126587,2192.346436,124.062820,729.452087,2125.391602,145.175537,731.221069,2227.774658,268.096405,634.193787,2152.063965,,,,2838.814209,112.434792,-2385.237549,,,,,,,,,,2890.381836,255.815857,-2317.064941,,,,,,,,,,,,,,,,,,,,,,,,,,,,,,,,,
42,0.350000,-0.436225,-0.001906,0.899836,-0.000531,104.550056,730.608398,2181.657959,46.078110,731.068970,2192.231201,123.737289,729.568359,2126.526123,143.834808,731.187805,2226.216797,0.004549,0.435208,-0.007881,0.900284,-1718.597290,1259.450073,-815.992310,-1813.335938,1286.616577,-949.697876,-1728.242676,1281.555908,-720.175293,-1614.213257,1210.178101,-778.103638,-1814.037354,1286.966187,-949.847046,-1728.128906,1281.340088,-721.050659,-1613.500366,1210.009155,-776.896790,44.928818,731.076538,2192.352051,124.020744,729.547302,2125.379639,145.125259,731.207642,2227.727295,267.952301,634.327759,2151.952881,,,,2839.013916,112.537010,-2385.403076,,,,,,,,,,2902.890625,242.519699,-2334.016357,,,,,,,,,,,,,,,,,,,,,,,,,,,,,,,,,
43,0.358333,-0.435666,-0.002322,0.900105,-0.001343,104.555176,730.565918,2181.784912,46.095615,730.919434,2192.430176,123.675987,729.562927,2126.629150,143.893951,731.215332,2226.294922,0.004537,0.435224,-0.008194,0.900274,-1718.591553,1259.461914,-815.986877,-1813.320679,1286.641602,-949.696472,-1728.220703,1281.601074,-720.175964,-1614.233276,1210.143311,-778.088074,-1814.031006,1286.999023,-949.832153,-1728.135986,1281.399902,-721.055603,-1613.500366,1209.959351,-776.905029,44.889957,730.925537,2192.585693,123.998589,729.540771,2125.391357,145.118484,731.236816,2227.750488,268.032227,634.175842,2152.034180,,,,2840.860107,111.140923,-2385.168213,,,,,,,,,,2908.404297,232.862228,-2350.116943,,,,,,,,,,,,,,,,,,,,,,,,,,,,,,,,,
44,0.366667,-0.436170,-0.001691,0.899863,-0.000563,104.578911,730.592590,2181.648438,46.108315,731.065186,2192.228516,123.759239,729.527222,2126.514648,143.869217,731.185364,2226.202148,0.004515,0.435245,-0.008271,0.900263,-1718.588379,1259.446289,-815.985779,-1813.320557,1286.623047,-949.693787,-1728.210205,1281.596802,-720.176819,-1614.234131,1210.119263,-778.086731,-1814.046143,1286.986328,-949.842407,-1728.116699,1281.389771,-721.061768,-1613.485718,1209.932861,-776.869995,44.964848,731.073059,2192.356689,124.047050,729.505066,2125.335693,145.135254,731.205811,2227.712402,267.835907,634.251892,2151.955811,,,,2840.167969,112.425003,-2385.554443,,,,,,,,,,2898.427002,228.315979,-2366.567383,,,,,,,,,,,,,,,,,,,,,,,,,,,,,,,,,
45,0.375000,-0.436408,-0.001690,0.899747,0.000093,104.540543,730.633728,2181.621338,46.064972,731.169434,2192.170898,123.748711,729.577148,2126.497070,143.807983,731.154541,2226.196045,0.004573,0.435298,-0.007803,0.900241,-1718.590820,1259.471069,-816.006348,-1813.359253,1286.641479,-949.689941,-1728.219604,1281.564819,-720.184937,-1614.193481,1210.207275,-778.144104,-1814.033447,1286.979248,-949.823669,-1728.113159,1281.355713,-721.044922,-1613.510254,1210.045288,-776.988037,44.895771,731.178711,2192.294434,124.039848,729.556091,2125.365479,145.077362,731.171814,2227.658691,267.895020,634.255371,2151.976807,,,,2840.031738,112.925102,-2385.614258,,,,,,,,,,2897.030762,245.106873,-2395.077393,,,,,,,,,,-1660.748901,1383.789062,-688.528687,,,,,,,,,,,,,,,,,,,,,
46,0.383333,-0.436211,-0.001587,0.899843,-0.000198,104.539963,730.635742,2181.614258,46.068771,731.150696,2192.188965,123.724487,729.563293,2126.481689,143.826660,731.193298,2226.171387,0.004622,0.435235,-0.007870,0.900271,-1718.596680,1259.479004,-816.004028,-1813.341797,1286.668823,-949.700134,-1728.235352,1281.571655,-720.183289,-1614.212769,1210.197021,-778.128479,-1814.036011,1287.012573,-949.860840,-1728.111206,1281.355103,-721.031067,-1613.508667,1210.033203,-776.917908,44.929787,731.159119,2192.303223,124.001144,729.542419,2125.380127,145.091782,731.211670,2227.626465,267.869781,634.268250,2151.933350,,,,2840.010010,113.228004,-2385.794189,,,,,,,,,,2890.293213,243.470978,-2408.122559,,,,,,,,,,-1660.747803,1383.733276,-688.622314,,,,,,,,,,,,,,,,,,,,,
47,0.391667,-0.436313,-0.001799,0.899793,-0.000372,104.540985,730.600891,2181.622559,46.067162,731.084290,2192.184326,123.738541,729.550659,2126.494385,143.817276,731.167725,2226.188965,0.004617,0.435251,-0.008018,0.900262,-1718.604370,1259.472168,-816.005371,-1813.347534,1286.668335,-949.701538,-1728.233398,1281.580444,-720.187317,-1614.231812,1210.167847,-778.127075,-1814.049561,1287.018188,-949.852905,-1728.135864,1281.377808,-721.036682,-1613.509888,1209.989868,-776.943359,44.941715,731.092163,2192.297852,124.012825,729.530396,2125.397949,145.066467,731.186218,2227.632080,267.875488,634.220825,2151.932861,,,,2840.535889,113.195717,-2385.813721,,,,,,,,,,,,,,,,,,,,,,-1660.746826,1383.683105,-688.706604,,,,,,,,,,,,,,,,,,,,,
48,0.400000,-0.436256,-0.001216,0.899822,-0.000127,104.564384,730.588867,2181.670898,46.092407,731.136597,2192.239746,123.753860,729.474243,2126.541016,143.846924,731.155701,2226.231934,0.004597,0.435244,-0.007931,0.900266,-1718.609253,1259.468262,-815.990234,-1813.354980,1286.653198,-949.686890,-1728.243774,1281.571167,-720.171448,-1614.228638,1210.180908,-778.112183,-1814.051758,1287.002075,-949.827332,-1728.132568,1281.354980,-721.056641,-1613.521606,1210.013428,-776.914246,44.920822,731.146057,2192.364258,124.046387,729.452271,2125.424316,145.082886,731.173706,2227.642822,267.960449,634.251770,2151.993896,,,,2840.736816,113.091888,-2385.863037,,,,,,,,,,,,,,,,,,,,,,-1660.745972,1383.637939,-688.782471,,,,,,,,,,,,,,,,,,,,,
49,0.408333,-0.436566,-0.001659,0.899671,-0.000172,104.606445,730.561768,2181.687012,46.126923,731.074280,2192.215820,123.834442,729.497986,2126.569824,143.858017,731.113159,2226.275391,0.004578,0.435222,-0.008159,0.900275,-1718.598145,1259.443604,-815.992493,-1813.327148,1286.634766,-949.699768,-1728.228271,1281.572632,-720.179321,-1614.238770,1210.123901,-778.098206,-1814.045044,1286.994629,-949.844299,-1728.141846,1281.371582,-721.052307,-1613.495850,1209.936523,-776.902771,44.982655,731.083008,2192.343750,124.126282,729.476807,2125.442383,145.063080,731.130676,2227.680176,268.053802,634.245300,2151.959229,,,,2840.989502,113.262901,-2385.926270,,,,,,,,,,,,,,,,,,,,,,,,,2970.265869,167.060654,-2479.664062,,,,,,,,,,,,,,,,,,
50,0.416667,-0.436557,-0.001987,0.899674,0.000005,104.619438,730.574463,2181.696533,46.140148,731.080994,2192.226807,123.846367,729.551147,2126.578125,143.871826,731.091370,2226.284668,0.004543,0.435245,-0.007981,0.900265,-1718.602051,1259.462524,-815.989197,-1813.347046,1286.632812,-949.689392,-1728.235474,1281.579102,-720.173462,-1614.223511,1210.175903,-778.104553,-1814.047363,1286.983765,-949.828979,-1728.135742,1281.370728,-721.049744,-1613.507446,1210.001587,-776.917603,44.967400,731.089783,2192.354736,124.144135,729.531067,2125.470459,145.063065,731.107056,2227.639893,267.954041,634.277649,2151.981445,,,,2841.141113,113.360626,-2386.034912,,,,,,,,,,,,,,,,,,,,,,,,,2982.081299,152.454483,-2487.821045,,,,,,,,,,,,,,,,,,
51,0.425000,-0.436496,-0.001715,0.899705,-0.000254,104.609657,730.589844,2181.680908,46.131691,731.090576,2192.218750,123.829361,729.531433,2126.560791,143.867966,731.147644,2226.263184,0.004550,0.435203,-0.008078,0.900285,-1718.588867,1259.462402,-816.002869,-1813.316772,1286.639771,-949.713623,-1728.226929,1281.588013,-720.189697,-1614.222656,1210.159668,-778.105103,-1814.020752,1286.994141,-949.846436,-1728.144775,1281.389160,-721.062988,-1613.495972,1209.976562,-776.934814,44.941036,731.099121,2192.343506,124.126846,729.510742,2125.460693,145.076248,731.164490,2227.620605,268.025146,634.230225,2151.955566,,,,2841.230469,113.554695,-2386.140381,,,,,,,,,,,,,,,,,,,,,,,,,2990.437500,144.666626,-2507.301758,,,,,,,,,,,,,,,,,,
52,0.433333,-0.436695,-0.001624,0.899608,-0.000211,104.602280,730.609070,2181.674072,46.119736,731.120239,2192.185791,123.846161,729.540710,2126.562256,143.840973,731.166199,2226.273438,0.004556,0.435268,-0.008123,0.900253,-1718.591553,1259.431152,-815.989746,-1813.336670,1286.613403,-949.687439,-1728.213745,1281.560059,-720.175720,-1614.224243,1210.120361,-778.105896,-1814.049316,1286.971069,-949.826904,-1728.130127,1281.360352,-721.048584,-1613.486694,1209.934082,-776.921448,44.955730,731.128906,2192.310547,124.139580,729.519592,2125.443848,145.066574,731.183899,2227.682129,267.938385,634.362122,2151.927002,,,,2841.590332,113.480232,-2386.191162,,,,,,,,,,,,,,,,,,,,,,,,,3001.390137,134.913681,-2524.725830,,,,,,,,,,,,,,,,,,
53,0.441667,-0.436617,-0.001643,0.899646,-0.000301,104.571251,730.625916,2181.654297,46.090439,731.127136,2192.176270,123.805840,729.558594,2126.539307,143.817535,731.192139,2226.247070,0.004587,0.435224,-0.008082,0.900274,-1718.581909,1259.428101,-815.970703,-1813.315063,1286.618042,-949.675293,-1728.214600,1281.547852,-720.155640,-1614.215820,1210.118896,-778.081055,-1814.032227,1286.977539,-949.818665,-1728.137695,1281.354248,-721.017456,-1613.468750,1209.926880,-776.899536,44.983212,731.135132,2192.291016,124.078232,729.537476,2125.417236,145.056961,731.210999,2227.713623,268.050079,634.260254,2151.996826,,,,2841.605225,113.994934,-2386.408447,,,,,,,,,,,,,,,,,,,,,,,,,3010.801270,128.298477,-2541.571289,3178.259277,85.354309,-2743.480469,,,,,,,,,,,,,,,
54,0.450000,-0.436443,-0.001736,0.899730,-0.000190,104.587944,730.640686,2181.640869,46.111256,731.146057,2192.185547,123.801056,729.585632,2126.518311,143.851547,731.190430,2226.218750,0.004659,0.435196,-0.008195,0.900286,-1718.576904,1259.443604,-815.985352,-1813.294678,1286.662720,-949.694885,-1728.209595,1281.562866,-720.170166,-1614.226318,1210.105591,-778.090820,-1814.016113,1287.022705,-949.850708,-1728.123901,1281.366089,-721.022339,-1613.475708,1209.914185,-776.893494,44.949825,731.154663,2192.314209,124.095749,729.564392,2125.379639,145.089325,731.208313,2227.656006,268.027618,634.218750,2152.029541,,,,2842.158447,113.875778,-2386.445557,,,,,,,,,,,,,,,,,,,,,,,,,3018.282227,124.166206,-2558.109375,3187.729004,87.419090,-2761.246826,,,,,,,,,,,,,,,
55,0.458333,-0.436209,-0.001646,0.899844,-0.000286,104.582283,730.595398,2181.598877,46.111012,731.097839,2192.174072,123.766869,729.528503,2126.466553,143.869019,731.159912,2226.156250,0.004604,0.435189,-0.008219,0.900290,-1718.579834,1259.418457,-815.970154,-1813.295776,1286.621094,-949.684448,-1728.214111,1281.549316,-720.157837,-1614.229736,1210.085327,-778.068115,-1814.029907,1286.989014,-949.834595,-1728.134521,1281.351685,-721.032898,-1613.464355,1209.888306,-776.857605,44.963409,731.106140,2192.295166,124.051476,729.507446,2125.348389,145.120377,731.178345,2227.601807,267.982391,634.249451,2151.976562,,,,2842.473389,114.081711,-2386.576660,,,,,,,,,,,,,,,,,,,,,,,,,3025.296143,120.756767,-2573.889404,3195.007812,89.302391,-2777.583984,,,,,,,,,,,,,,,
56,0.466667,-0.436351,-0.001985,0.899774,-0.000092,104.553604,730.624084,2181.618652,46.079063,731.121338,2192.175537,123.755447,729.599121,2126.491455,143.826340,731.151733,2226.188721,0.004682,0.435236,-0.007716,0.900271,-1718.606323,1259.502197,-816.032593,-1813.357666,1286.703003,-949.722046,-1728.250000,1281.569336,-720.206482,-1614.211182,1210.234375,-778.169006,-1814.042480,1287.041382,-949.883789,-1728.130493,1281.359863,-721.030579,-1613.516113,1210.070923,-776.983032,44.952087,731.129395,2192.286621,124.027725,729.579407,2125.398682,145.087540,731.169067,2227.641846,267.886536,634.252014,2151.951172,,,,2843.112305,114.023232,-2386.500732,,,,,,,,,,,,,,,,,,,,,,,,,3030.995850,118.795433,-2588.825195,3201.521240,90.426086,-2792.569580,,,,,,,,,,,,,,,
57,0.475000,-0.436558,-0.002029,0.899674,-0.000190,104.570709,730.643433,2181.628906,46.091190,731.128296,2192.158936,123.798172,729.622375,2126.510742,143.822815,731.179749,2226.217041,0.004528,0.435257,-0.007962,0.900260,-1718.586548,1259.463867,-816.004395,-1813.336426,1286.628174,-949.702393,-1728.218384,1281.581299,-720.188721,-1614.204590,1210.182617,-778.121948,-1814.019897,1286.971802,-949.832458,-1728.123413,1281.376709,-721.056091,-1613.506958,1210.012939,-776.965515,44.971989,731.136047,2192.270020,124.068260,729.602112,2125.379639,145.121140,731.198486,2227.749512,268.000824,634.181763,2152.037109,,,,2843.112549,114.442772,-2386.723877,,,,,,,,,,,,,,,,,,,,,,,,,3036.147949,116.807762,-2601.941650,3205.631592,93.441254,-2806.134033,-1660.760620,1383.779419,-688.509033,,,,,,,,,,,,
58,0.483333,-0.436536,-0.001586,0.899685,-0.000341,104.561165,730.639099,2181.629150,46.082214,731.140442,2192.161621,123.785835,729.564636,2126.510742,143.815475,731.212341,2226.214844,0.004556,0.435217,-0.008273,0.900276,-1718.581665,1259.459839,-815.995483,-1813.304688,1286.649780,-949.707275,-1728.208496,1281.604004,-720.185486,-1614.231689,1210.126099,-778.093506,-1814.043579,1287.017334,-949.873291,-1728.117065,1281.402100,-721.047852,-1613.462891,1209.930908,-776.862732,44.963001,731.148376,2192.273682,124.057663,729.543518,2125.400146,145.083160,731.231506,2227.696533,268.050476,634.214539,2152.053467,,,,2843.075195,115.008339,-2386.996338,,,,,,,,,,,,,,,,,,,,,,,,,3040.129150,115.886864,-2613.432861,3209.912842,95.263802,-2816.630615,-1660.747559,1383.761597,-688.620361,,,,,,,,,,,,
59,0.491667,-0.436444,-0.001213,0.899731,-0.000307,104.595901,730.595703,2181.623779,46.119331,731.126404,2192.167969,123.808769,729.478333,2126.501953,143.859619,731.182373,2226.200928,0.004683,0.435260,-0.007863,0.900258,-1718.599487,1259.463745,-816.003479,-1813.350952,1286.672974,-949.691162,-1728.231934,1281.545654,-720.179688,-1614.215332,1210.173096,-778.139526,-1814.044067,1287.016724,-949.847961,-1728.121460,1281.338013,-721.020142,-1613.508667,1210.003296,-776.954346,44.973537,731.134949,2192.271729,124.079094,729.457397,2125.440186,145.117050,731.200928,2227.613525,268.063202,634.302917,2152.047363,,,,2843.411133,115.248520,-2387.032227,,,,,,,,,,,,,,,,,,,,,,,,,3043.338135,114.787086,-2623.233643,3215.411377,93.397301,-2825.171387,-1660.735718,1383.745728,-688.720581,,,,,,,,,,,,
60,0.500000,-0.436600,-0.001165,0.899655,0.000223,104.560112,730.569458,2181.659912,46.080456,731.154480,2192.184326,123.790955,729.453735,2126.544678,143.808960,731.100220,2226.250977,0.004637,0.435223,-0.008049,0.900275,-1718.593872,1259.449829,-815.992493,-1813.326904,1286.654053,-949.694153,-1728.227295,1281.557983,-720.174866,-1614.227173,1210.137817,-778.108276,-1814.033447,1287.007324,-949.840393,-1728.135132,1281.356323,-721.035278,-1613.498901,1209.956421,-776.923462,44.963455,731.164246,2192.301270,124.068184,729.432190,2125.439941,145.026810,731.117371,2227.672852,268.038483,634.248779,2152.050293,,,,2843.866943,115.462181,-2387.145996,,,,,,,,,,,,,,,,,,,,,,,,,3045.293213,114.140190,-2631.477051,3220.687256,90.217033,-2831.348633,-1660.725098,1383.731323,-688.810791,,,,,,,,,,,,
61,0.508333,-0.436437,-0.001320,0.899734,-0.000040,104.580925,730.606262,2181.624512,46.104729,731.155090,2192.169678,123.792511,729.505005,2126.501953,143.845566,731.158691,2226.201416,0.004584,0.435184,-0.007957,0.900295,-1718.594849,1259.443848,-815.966125,-1813.321899,1286.625732,-949.676697,-1728.241455,1281.551758,-720.149780,-1614.221069,1210.154541,-778.071899,-1814.020020,1286.974854,-949.818970,-1728.144653,1281.347168,-721.012512,-1613.505737,1209.978760,-776.893433,44.971046,731.164185,2192.285400,124.071182,729.483826,2125.409912,145.073059,731.176270,2227.611328,268.110229,634.224182,2152.038086,,,,2843.944580,116.007034,-2387.348877,,,,,,,,,,,,,,,,,,,,,,,,,3045.962891,114.000084,-2638.335938,3230.217529,81.961281,-2834.477539,,,,,,,,,,,,,,,
62,0.516667,-0.436599,-0.001621,0.899655,-0.000491,104.607391,730.613525,2181.657227,46.126827,731.098083,2192.181641,123.840141,729.541077,2126.541748,143.855240,731.201477,2226.248535,0.004644,0.435290,-0.007694,0.900246,-1718.598877,1259.483765,-815.987366,-1813.368042,1286.671265,-949.666870,-1728.232666,1281.554932,-720.161194,-1614.195557,1210.225586,-778.133850,-1814.051636,1287.010864,-949.817078,-1728.113159,1281.340210,-721.013977,-1613.504761,1210.064575,-776.948242,44.969494,731.106018,2192.301025,124.127647,729.520264,2125.448486,145.067322,731.219727,2227.627441,268.105225,634.164795,2152.055908,,,,2844.226074,116.325157,-2387.485596,,,,,,,,,,,,,,,,,,,,,,,,,3045.395508,114.110176,-2643.297852,3234.567871,76.789848,-2836.721436,,,,,,,,,,,,,,,
63,0.525000,-0.436538,-0.001516,0.899684,-0.000684,104.595993,730.629395,2181.672119,46.116741,731.102661,2192.204102,123.821510,729.542053,2126.554199,143.849777,731.243347,2226.257568,0.004597,0.435267,-0.008046,0.900254,-1718.602783,1259.463379,-815.994568,-1813.349976,1286.654663,-949.688904,-1728.227783,1281.577881,-720.177551,-1614.230347,1210.158081,-778.117188,-1814.046875,1287.000977,-949.844727,-1728.124390,1281.373779,-721.016541,-1613.516235,1209.983765,-776.935364,44.938004,731.110718,2192.331055,124.119156,729.520630,2125.440674,145.061905,731.262451,2227.636963,268.066498,634.200806,2152.059082,,,,2844.363037,116.718208,-2387.734375,,,,,,,,,,,,,,,,,,,,,,,,,3043.727783,113.421738,-2645.920166,3227.294922,81.248894,-2838.707520,,,,,,,,,,,,,,,
64,0.533333,-0.436499,-0.001105,0.899704,-0.000576,104.567902,730.632812,2181.648438,46.089821,731.145325,2192.185059,123.788055,729.499390,2126.529785,143.825851,731.253845,2226.230469,0.004718,0.435268,-0.007784,0.900255,-1718.600464,1259.473511,-816.008301,-1813.357056,1286.689697,-949.690918,-1728.233887,1281.541748,-720.181458,-1614.210205,1210.189575,-778.152466,-1814.042358,1287.029175,-949.848450,-1728.111816,1281.328369,-721.019958,-1613.516602,1210.028076,-776.959961,44.920254,731.154053,2192.316650,124.086990,729.476318,2125.382812,145.062195,731.273987,2227.666748,267.951691,634.329651,2151.987549,,,,2844.845703,116.782112,-2387.861328,,,,,,,,,,,,,,,,,,,,,,,,,3042.359863,110.507355,-2645.763916,3224.191406,82.565994,-2839.480957,,,,,,,,,,,,,,,
65,0.541667,-0.436372,-0.001539,0.899765,-0.000434,104.538322,730.684448,2181.650146,46.063141,731.180054,2192.203857,123.743065,729.603210,2126.525146,143.808792,731.270081,2226.221680,0.004623,0.435243,-0.008433,0.900262,-1718.575317,1259.412231,-815.966553,-1813.296509,1286.632812,-949.673340,-1728.188965,1281.561523,-720.156372,-1614.240234,1210.042969,-778.069824,-1814.038940,1287.004395,-949.827820,-1728.115967,1281.368164,-721.025269,-1613.460815,1209.838989,-776.855469,44.916874,731.188416,2192.336182,124.037811,729.581116,2125.367432,145.019745,731.289062,2227.651611,267.959656,634.295654,2151.980957,,,,2844.993652,117.088860,-2388.114990,,,,,,,,,,,,,,,,,,,,,,,,,3040.462158,107.744659,-2645.473877,3222.826172,82.884163,-2839.407715,,,,,,,,,,,,,,,
66,0.550000,-0.436354,-0.001496,0.899773,-0.000491,104.589851,730.654053,2181.651855,46.115063,731.147217,2192.207764,123.792496,729.567139,2126.526123,143.862030,731.247925,2226.221680,0.004591,0.435240,-0.008170,0.900266,-1718.582642,1259.447266,-815.987671,-1813.316162,1286.643188,-949.690674,-1728.208252,1281.575073,-720.173767,-1614.223267,1210.123657,-778.098267,-1814.044800,1287.006226,-949.850281,-1728.114868,1281.371826,-721.038574,-1613.468140,1209.934082,-776.879456,44.980240,731.155457,2192.335693,124.079002,729.544189,2125.327393,145.132446,731.268738,2227.758301,267.973358,634.223877,2151.993896,,,,2845.288086,117.629509,-2388.343018,,,,,,,,,,,,,,,,,,,,,,,,,3039.270996,106.398903,-2645.894287,3222.490234,82.250381,-2839.510986,,,,,,,,,,,,,,,
67,0.558333,-0.436469,-0.001318,0.899718,-0.000678,104.560600,730.655823,2181.664795,46.083042,731.143616,2192.205322,123.777481,729.545654,2126.544434,143.821304,731.278320,2226.243896,0.004686,0.435225,-0.007968,0.900274,-1718.601196,1259.472290,-815.993103,-1813.337280,1286.687866,-949.690369,-1728.236694,1281.564331,-720.171997,-1614.229492,1210.164917,-778.116943,-1814.052979,1287.042480,-949.855896,-1728.132324,1281.359009,-721.017517,-1613.492920,1209.983643,-776.906372,44.983494,731.151367,2192.325439,124.050934,729.522766,2125.377197,145.064926,731.299744,2227.753418,267.976685,634.225891,2152.015625,,,,2845.549316,118.132278,-2388.657959,,,,,,,,,,,,,,,,,,,,,,,,,3039.204102,106.309105,-2646.717285,3222.212402,81.603195,-2840.040527,,,,,,,,,,,,,,,
68,0.566667,-0.436361,-0.001224,0.899770,-0.000748,104.544991,730.652649,2181.622803,46.069904,731.140198,2192.177246,123.748749,729.530579,2126.498291,143.816345,731.287048,2226.192383,0.004596,0.435272,-0.007853,0.900253,-1718.597656,1259.478516,-816.003296,-1813.355469,1286.658936,-949.692383,-1728.229492,1281.573730,-720.182556,-1614.207886,1210.203247,-778.134949,-1814.033569,1286.997559,-949.833618,-1728.114380,1281.359863,-721.043274,-1613.522583,1210.043091,-776.961914,44.927380,731.148071,2192.291992,124.026588,729.508545,2125.386963,145.098373,731.308289,2227.672852,267.918976,634.354126,2151.949463,,,,2845.612549,119.005081,-2389.114990,,,,,,,,,,,,,,,,,,,,,,,,,3039.379639,106.378395,-2647.415771,3223.441650,79.019127,-2840.438232,,,,,,,,,,,,,,,
69,0.575000,-0.436351,-0.001181,0.899776,-0.000465,104.546013,730.644470,2181.649414,46.071468,731.162231,2192.205566,123.747871,729.521301,2126.524170,143.818726,731.249878,2226.218506,0.004693,0.435230,-0.007848,0.900273,-1718.604736,1259.472412,-816.005920,-1813.347534,1286.683838,-949.699219,-1728.244019,1281.551147,-720.182129,-1614.222290,1210.182373,-778.136353,-1814.050293,1287.030640,-949.869202,-1728.128662,1281.343140,-721.009827,-1613.503784,1210.009888,-776.930237,44.882057,731.171326,2192.339844,124.052666,729.498535,2125.378418,145.050476,731.269165,2227.634766,268.023224,634.337280,2152.013428,,,,2845.514893,120.065674,-2389.552490,,,,,,,,,,,,,,,,,,,,,,,,,3039.512939,106.180466,-2647.664062,3223.234375,78.519043,-2840.824951,,,,-1660.748535,1383.827881,-688.541077,,,,,,,,,
70,0.583333,-0.436456,-0.000760,0.899725,-0.000519,104.577011,730.604126,2181.661621,46.100163,731.146240,2192.203857,123.791382,729.431396,2126.541504,143.839523,731.234741,2226.239258,0.004540,0.435263,-0.008064,0.900256,-1718.586792,1259.451172,-815.987915,-1813.333374,1286.624878,-949.686279,-1728.212891,1281.576782,-720.173584,-1614.213989,1210.152100,-778.103882,-1814.042114,1286.979736,-949.831299,-1728.117310,1281.371338,-721.044556,-1613.485474,1209.972412,-776.910522,44.907940,731.155762,2192.339844,124.099174,729.407532,2125.397461,145.054810,731.254578,2227.634766,268.067261,634.293213,2152.009277,,,,2845.865723,120.904861,-2389.891357,,,,,,,,,,,,,,,,,,,,,,,,,3039.504883,105.938972,-2647.667969,3223.311279,78.004715,-2840.893066,,,,-1660.728638,1383.750244,-688.612305,,,,,,,,,
71,0.591667,-0.436439,-0.001157,0.899733,-0.000791,104.580948,730.620178,2181.655762,46.104050,731.108337,2192.200195,123.794334,729.489868,2126.534668,143.844513,731.262390,2226.232422,0.004715,0.435214,-0.007860,0.900281,-1718.599609,1259.451294,-815.997986,-1813.336670,1286.670410,-949.693787,-1728.241455,1281.527588,-720.173828,-1614.220337,1210.156006,-778.126099,-1814.034180,1287.015381,-949.858337,-1728.125366,1281.318115,-721.008118,-1613.509277,1209.986328,-776.925903,44.945663,731.116028,2192.304932,124.067322,729.468384,2125.468262,145.113480,731.282715,2227.653076,268.093628,634.266602,2152.049805,,,,2845.998047,122.031876,-2390.450928,,,,,,,,,,,,,,,,,,,,,,,,,3039.559570,106.074333,-2647.667969,3223.628174,77.502640,-2840.836670,,,,-1660.710938,1383.680176,-688.676331,,,,,,,,,
72,0.600000,-0.436507,-0.000846,0.899700,-0.000919,104.592384,730.581177,2181.657471,46.113914,731.078796,2192.192871,123.814034,729.413025,2126.540283,143.849258,731.251709,2226.239746,0.004697,0.435256,-0.007789,0.900261,-1718.611084,1259.474243,-816.003418,-1813.364624,1286.683716,-949.689636,-1728.247314,1281.546509,-720.177795,-1614.221313,1210.192993,-778.142761,-1814.051270,1287.025391,-949.839050,-1728.138550,1281.338989,-721.023132,-1613.522095,1210.025391,-776.968018,44.958500,731.086853,2192.313965,124.101349,729.389648,2125.417480,145.107529,731.273682,2227.693115,268.081787,634.227600,2152.040039,,,,2846.389160,123.501396,-2391.159424,,,,,,,,,,,,,,,,,,,,,,,,,3039.938477,106.137749,-2647.429688,3223.477051,77.517075,-2840.899658,,,,-1660.694946,1383.617188,-688.734009,,,,,,,,,
73,0.608333,-0.436526,-0.001059,0.899691,-0.000925,104.565758,730.566284,2181.668945,46.086750,731.048401,2192.202148,123.789917,729.422607,2126.551758,143.820648,731.227722,2226.252930,0.004602,0.435251,-0.008042,0.900261,-1718.603516,1259.444824,-815.989380,-1813.346191,1286.637329,-949.686707,-1728.231934,1281.557983,-720.172424,-1614.232300,1210.139404,-778.108887,-1814.063232,1286.995728,-949.835327,-1728.137085,1281.352539,-721.046265,-1613.493530,1209.955933,-776.904419,44.969765,731.055908,2192.313721,124.061859,729.400513,2125.458252,145.066833,731.249268,2227.697998,268.089447,634.212097,2152.066895,,,,2846.405029,125.550346,-2392.130859,,,,,,,,,,,,,,,,,,,,,,,,,3040.459229,106.038506,-2647.141846,3223.433838,77.551117,-2840.910889,,,,,,,,,,,,,,,
74,0.616667,-0.436548,-0.001165,0.899680,-0.000949,104.595451,730.596191,2181.666504,46.115860,731.068604,2192.196777,123.822517,729.464600,2126.550293,143.848038,731.255310,2226.252441,0.004696,0.435252,-0.007999,0.900261,-1718.596558,1259.435059,-815.990173,-1813.338989,1286.655518,-949.682007,-1728.224976,1281.528564,-720.168579,-1614.225586,1210.121338,-778.119690,-1814.036499,1287.002075,-949.838440,-1728.124634,1281.327271,-721.003113,-1613.508789,1209.944824,-776.941345,44.926857,731.076660,2192.327393,124.125198,729.441711,2125.415283,145.078339,731.276184,2227.660889,268.115265,634.203369,2152.075684,,,,2846.618652,127.839134,-2393.337891,,,,,,,,,,,,,,,,,,,,,,,,,3040.780029,106.133400,-2646.901611,3223.996582,76.837242,-2840.773193,,,,,,,,,,,,,,,
75,0.625000,-0.436452,-0.001404,0.899726,-0.000741,104.557747,730.646484,2181.675293,46.080502,731.122070,2192.218262,123.772743,729.545471,2126.553955,143.820023,731.271912,2226.252930,0.004724,0.435188,-0.008205,0.900290,-1718.578979,1259.434326,-815.988159,-1813.291992,1286.675049,-949.696655,-1728.211914,1281.543945,-720.170837,-1614.232788,1210.084229,-778.096985,-1814.008179,1287.033203,-949.847717,-1728.135376,1281.354004,-721.013977,-1613.483276,1209.890015,-776.918640,44.921471,731.129883,2192.342529,124.063530,729.523499,2125.432373,145.057602,731.291931,2227.679443,268.063812,634.268433,2152.027832,,,,2847.643066,129.450012,-2394.319336,,,,,,,,,,,,,,,,,,,,,,,,,3041.086426,106.226654,-2646.725830,3223.795654,77.021774,-2840.838867,,,,,,,,,,,,,,,
76,0.633333,-0.436486,-0.001470,0.899710,-0.000993,104.545151,730.634827,2181.662598,46.066864,731.081665,2192.201172,123.764915,729.538025,2126.542969,143.803711,731.284729,2226.243408,0.004746,0.435193,-0.007898,0.900290,-1718.597046,1259.474731,-816.006653,-1813.325562,1286.705933,-949.706116,-1728.241089,1281.549927,-720.182495,-1614.224487,1210.168579,-778.131226,-1814.025513,1287.052124,-949.872498,-1728.128784,1281.343262,-721.012329,-1613.508789,1209.995850,-776.934265,44.919804,731.089172,2192.337402,124.063606,729.514832,2125.353271,145.015366,731.306213,2227.696777,268.036804,634.284668,2152.011475,,,,2848.029541,132.006424,-2395.637939,,,,,,,,,,,,,,,,,,,,,,,,,3040.722168,106.644943,-2646.698730,3223.838867,76.938248,-2840.804443,,,,,,,,,,,,,,,
77,0.641667,-0.436353,-0.001151,0.899775,-0.000789,104.558304,730.624939,2181.667236,46.083435,731.113647,2192.223145,123.761032,729.493774,2126.542480,143.830475,731.267273,2226.236328,0.004643,0.435224,-0.008109,0.900274,-1718.586426,1259.451050,-815.996887,-1813.316650,1286.660522,-949.699524,-1728.217163,1281.564209,-720.180176,-1614.225220,1210.128662,-778.110840,-1814.044312,1287.022705,-949.860291,-1728.122803,1281.361206,-721.041443,-1613.471558,1209.939209,-776.893066,44.888893,731.122437,2192.367920,124.076500,729.470093,2125.361328,145.041870,731.287842,2227.650635,267.978485,634.288147,2151.966553,,,,2848.430420,134.973785,-2397.381592,,,,,,,,,,,,,,,,,,,,,,,,,3039.738037,107.146080,-2647.189209,3223.605957,77.041046,-2840.911621,,,,,,,,,,,,,,,
78,0.650000,-0.436275,-0.001315,0.899812,-0.000575,104.539268,730.628235,2181.648682,46.066353,731.126099,2192.214844,123.732185,729.519043,2126.520264,143.819305,731.239685,2226.211426,0.004652,0.435283,-0.007998,0.900246,-1718.602905,1259.492920,-816.024719,-1813.355591,1286.699463,-949.712097,-1728.225464,1281.593384,-720.204224,-1614.227417,1210.186157,-778.157715,-1814.053345,1287.045288,-949.873108,-1728.124756,1281.393555,-721.028809,-1613.510132,1210.009277,-776.980469,44.958302,731.133972,2192.332520,124.005981,729.496887,2125.388916,145.053253,731.260010,2227.675049,268.097534,634.204590,2152.033203,,,,2848.458008,138.344406,-2399.251709,,,,,,,,,,,,,,,,,,,,,,,,,3038.645020,107.772858,-2647.863525,3223.858398,76.826080,-2840.748779,,,,,,,,,,,,,,,
79,0.658333,-0.436178,-0.001589,0.899859,-0.000737,104.568825,730.637817,2181.632324,46.097927,731.100891,2192.211182,123.750473,729.558167,2126.499268,143.858109,731.254272,2226.186523,0.004705,0.435262,-0.008084,0.900255,-1718.606079,1259.483643,-816.015625,-1813.347412,1286.711792,-949.706604,-1728.228516,1281.584106,-720.195068,-1614.242188,1210.155396,-778.144958,-1814.062866,1287.066406,-949.873230,-1728.127075,1281.381226,-721.034363,-1613.504150,1209.972290,-776.938843,44.983017,731.108276,2192.326660,124.023323,729.536865,2125.387451,145.100754,731.274597,2227.640137,268.117004,634.164246,2152.092285,,,,2849.159668,140.907288,-2401.082275,,,,,,,,,,,,,,,,,,,,,,,,,3038.366943,107.981934,-2647.611816,3224.099365,76.522346,-2840.695068,,,,,,,,,,,,,,,
80,0.666667,-0.436393,-0.001212,0.899755,-0.000696,104.541122,730.627563,2181.696533,46.065361,731.120972,2192.247070,123.748718,729.504822,2126.573242,143.809326,731.256836,2226.269287,0.004649,0.435285,-0.008143,0.900244,-1718.605469,1259.479004,-816.026733,-1813.352051,1286.692383,-949.717041,-1728.221802,1281.594604,-720.209106,-1614.242554,1210.150391,-778.153992,-1814.054077,1287.040161,-949.882812,-1728.118164,1281.393433,-721.033203,-1613.520508,1209.972900,-776.967163,44.912624,731.129150,2192.375244,124.040955,729.482117,2125.432373,145.042313,731.277283,2227.708740,268.178162,634.218567,2152.057129,,,,2848.987305,144.925217,-2403.522949,,,,,,,,,,,,,,,,,,,,,,,,,3038.605957,107.571732,-2647.353516,3223.447510,77.102692,-2840.864258,,,,,,,,,,,,,,,
81,0.675000,-0.436352,-0.001313,0.899774,-0.000997,104.575378,730.626404,2181.687744,46.100273,731.083801,2192.243652,123.778679,729.511353,2126.562744,143.847229,731.283997,2226.256836,0.005210,0.435260,-0.008168,0.900253,-1718.609619,1259.574707,-816.017395,-1813.333496,1286.970459,-949.686462,-1728.219849,1281.600708,-720.178467,-1614.275269,1210.152954,-778.187012,-1814.078857,1287.337646,-949.876831,-1728.103638,1281.389771,-721.022522,-1613.505005,1209.963013,-776.914001,45.007427,731.090698,2192.350098,124.040695,729.489990,2125.480225,145.087784,731.305542,2227.703613,268.000580,634.328491,2151.986816,,,,2848.883545,149.111237,-2406.137451,,,,,,,,,,,,,,,,,,,,,,,,,3038.387695,107.637856,-2647.360596,3222.784912,77.765465,-2840.964355,,,,,,,-1660.869263,1385.330322,-688.548523,,,,,,
82,0.683333,-0.436580,-0.001173,0.899664,-0.001004,104.557304,730.610718,2181.695312,46.076908,731.077393,2192.221191,123.788383,729.479309,2126.580322,143.806656,731.275513,2226.283936,0.004639,0.435312,-0.007997,0.900232,-1718.604736,1259.513916,-816.004883,-1813.366577,1286.716064,-949.686646,-1728.221313,1281.616577,-720.184265,-1614.226074,1210.209595,-778.143555,-1814.062744,1287.061646,-949.844849,-1728.105347,1281.404297,-721.033325,-1613.517700,1210.041504,-776.944824,44.973972,731.084534,2192.333008,124.057610,729.457214,2125.479492,145.039917,731.297241,2227.730225,268.074829,634.205017,2152.033936,,,,2849.525391,152.978409,-2408.986328,,,,,,,,,,,,,,,,,,,,,,,,,3038.346191,107.471794,-2647.423340,3223.303223,77.064537,-2840.888916,,,,,,,-1660.741089,1383.784302,-688.579468,,,,,,
83,0.691667,-0.436393,-0.001245,0.899755,-0.000801,104.578087,730.614807,2181.679199,46.102226,731.095825,2192.229736,123.785812,729.494446,2126.555908,143.846237,731.254028,2226.251953,0.004618,0.435227,-0.008102,0.900272,-1718.580078,1259.475342,-816.005066,-1813.312378,1286.676270,-949.708008,-1728.210815,1281.592041,-720.189087,-1614.217041,1210.158081,-778.117920,-1814.019531,1287.027222,-949.870178,-1728.107178,1281.387695,-721.029541,-1613.490112,1209.979492,-776.920898,44.995430,731.103210,2192.335205,124.049423,729.473145,2125.481445,145.102142,731.274841,2227.699707,268.042755,634.203186,2152.016602,,,,2850.123291,157.287247,-2412.332520,,,,,,,,,,,,,,,,,,,,,,,,,3038.241943,107.450363,-2647.522217,3223.402832,76.886276,-2840.870361,,,,,,,-1660.625854,1382.392944,-688.607361,,,,,,
84,0.700000,-0.436367,-0.001381,0.899768,-0.000534,104.609650,730.621277,2181.689453,46.134590,731.118408,2192.243652,123.813789,729.520386,2126.564453,143.880600,731.225098,2226.260254,0.004700,0.435202,-0.008080,0.900284,-1718.599976,1259.466309,-815.994995,-1813.323730,1286.692383,-949.698914,-1728.235596,1281.567383,-720.175903,-1614.240601,1210.139526,-778.110046,-1814.039673,1287.049072,-949.855835,-1728.136963,1281.362671,-721.034424,-1613.502563,1209.956421,-776.903809,45.014988,731.126343,2192.361816,124.091820,729.498962,2125.467529,145.090561,731.244202,2227.663574,267.974274,634.291138,2151.954590,,,,2853.514893,159.269806,-2415.243652,,,,,,,,,,,,,,,,,,,,,,,,,3038.231934,107.272873,-2647.561035,3222.854004,77.323540,-2841.062256,,,,,,,-1660.522095,1381.140869,-688.632446,,,,,,
85,0.708333,-0.436193,-0.001608,0.899851,-0.000563,104.570686,730.630371,2181.686523,46.099583,731.108826,2192.263672,123.753830,729.555359,2126.553711,143.858688,731.226990,2226.242188,0.004653,0.435202,-0.007878,0.900286,-1718.608765,1259.441772,-815.986023,-1813.343262,1286.641602,-949.687683,-1728.253418,1281.530273,-720.165039,-1614.229492,1210.153564,-778.105408,-1814.040039,1286.987305,-949.845947,-1728.148193,1281.326172,-721.000610,-1613.515625,1209.979614,-776.921997,44.961147,731.116760,2192.390625,124.042267,729.533936,2125.425049,145.067886,731.246033,2227.653809,267.965759,634.236755,2151.969727,,,,2856.394287,162.229904,-2418.448975,,,,,,,,,,,,,,,,,,,,,,,,,3038.194092,107.086342,-2647.540283,3222.698975,77.262459,-2841.146973,,,,,,,,,,,,,,,
86,0.716667,-0.436218,-0.001374,0.899840,-0.000731,104.584587,730.624390,2181.684326,46.112843,731.103088,2192.257568,123.770935,729.519958,2126.553223,143.870026,731.250122,2226.241943,0.004710,0.435150,-0.008002,0.900310,-1718.593262,1259.413452,-815.973389,-1813.304810,1286.638550,-949.686157,-1728.242920,1281.505127,-720.153564,-1614.231812,1210.097046,-778.080322,-1814.030396,1287.001709,-949.834167,-1728.147705,1281.297241,-721.041748,-1613.484497,1209.911255,-776.861511,45.007183,731.110718,2192.378418,124.047188,729.498047,2125.431641,145.071564,731.270325,2227.662354,267.896851,634.325745,2151.958008,,,,2857.871826,167.122986,-2423.062988,,,,,,,,,,,,,,,,,,,,,,,,,3038.175537,106.967499,-2647.566162,3223.047363,76.710510,-2841.087646,,,,,,,,,,,,,,,
87,0.725000,-0.436177,-0.001912,0.899858,-0.000954,104.554016,730.622925,2181.676514,46.082825,731.042542,2192.255615,123.736351,729.577759,2126.542969,143.842911,731.248474,2226.231201,0.004777,0.435158,-0.007885,0.900307,-1718.602539,1259.444702,-815.981079,-1813.320435,1286.684937,-949.686279,-1728.254028,1281.513550,-720.156189,-1614.232910,1210.135986,-778.100647,-1814.036011,1287.042236,-949.836426,-1728.160400,1281.310425,-721.022583,-1613.494751,1209.951538,-776.900574,44.958527,731.049194,2192.379150,124.017845,729.556641,2125.400879,145.073608,731.269165,2227.687256,267.923706,634.357056,2151.939209,,,,2851.080811,181.524918,-2430.767822,,,,,,,,,,,,,,,,,,,,,,,,,3038.168213,106.770111,-2647.539795,3222.964844,76.913055,-2841.078125,,,,,,,,,,,,,,,
88,0.733333,-0.436167,-0.001761,0.899864,-0.000602,104.581497,730.619751,2181.689941,46.110920,731.083740,2192.270508,123.761612,729.561890,2126.555908,143.872009,731.213501,2226.243408,0.004647,0.435156,-0.007999,0.900308,-1718.614258,1259.450195,-816.000000,-1813.329346,1286.654663,-949.714417,-1728.263916,1281.551880,-720.182495,-1614.249268,1210.144409,-778.102966,-1814.045288,1287.011475,-949.869507,-1728.169800,1281.349854,-721.039307,-1613.509399,1209.959351,-776.902588,44.985790,731.091125,2192.389648,124.040535,729.541138,2125.450684,145.094330,731.232605,2227.662109,267.837677,634.387024,2151.932617,,,,2852.753906,187.268768,-2436.223389,,,,,,,,,,,,,,,,,,,,,,,,,3038.187988,106.604683,-2647.409180,3222.839600,76.913055,-2841.079590,,,,,,,,,,,,,,,
89,0.741667,-0.436146,-0.002090,0.899873,-0.000141,104.594795,730.635986,2181.660400,46.124966,731.121094,2192.244141,123.771751,729.622620,2126.524414,143.887695,731.164246,2226.212402,0.004774,0.435199,-0.007564,0.900290,-1718.626953,1259.500732,-816.026123,-1813.372314,1286.722900,-949.715637,-1728.283081,1281.537598,-720.194336,-1614.225464,1210.241943,-778.168396,-1814.051636,1287.057739,-949.880432,-1728.138062,1281.313232,-721.027649,-1613.543213,1210.092163,-776.941345,44.969841,731.129456,2192.371094,124.062935,729.602539,2125.402832,145.110641,731.181091,2227.622803,267.950989,634.285095,2151.999268,,,,2854.876465,192.343399,-2442.007812,,,,,,,,,,,,,,,,,,,,,,,,,3038.245117,106.471214,-2647.253418,3222.577148,77.148071,-2841.046387,,,,,,,,,,,,,,,
90,0.750000,-0.436166,-0.001797,0.899865,-0.000168,104.600243,730.636536,2181.645996,46.130070,731.139709,2192.227051,123.779358,729.588745,2126.511230,143.891327,731.181213,2226.199707,0.005281,0.435234,-0.007885,0.900267,-1718.623291,1259.575562,-816.015869,-1813.350952,1286.979004,-949.680786,-1728.249512,1281.561646,-720.169434,-1614.269287,1210.186523,-778.197266,-1814.080688,1287.340332,-949.854614,-1728.138794,1281.351807,-721.025513,-1613.518433,1210.000977,-776.956360,45.023846,731.147888,2192.348389,124.055367,729.567749,2125.373535,145.107315,731.199219,2227.647705,267.776764,634.407166,2151.888184,,,,2856.482422,198.918350,-2448.243408,,,,,,,,,,,,,,,,,,,,,,,,,3038.331787,106.311165,-2647.074951,3222.879395,76.936211,-2840.812744,,,,,,,,,,,,,,,
91,0.758333,-0.436166,-0.001148,0.899865,-0.000345,104.578026,730.642029,2181.665283,46.107964,731.173645,2192.245361,123.756943,729.516541,2126.531982,143.869217,731.235840,2226.218018,0.004755,0.435177,-0.008043,0.900296,-1718.598389,1259.462646,-815.978638,-1813.315186,1286.704346,-949.684265,-1728.239624,1281.550903,-720.157288,-1614.240112,1210.132812,-778.094299,-1814.034424,1287.063477,-949.837097,-1728.145264,1281.347046,-721.024414,-1613.497437,1209.947266,-776.887451,44.977814,731.182495,2192.372803,124.043251,729.493774,2125.387207,145.082932,731.255249,2227.651855,267.846832,634.386353,2151.934326,,,,2858.066895,205.570419,-2454.809082,,,,,,,,,,,,,,,,,,,,,,,,,3038.486084,106.066765,-2646.947754,3222.783447,76.905045,-2840.863770,,,,,,,,,,,,,,,
92,0.766667,-0.436307,-0.001057,0.899797,-0.000618,104.587395,730.589355,2181.722900,46.113811,731.101074,2192.284668,123.784019,729.449707,2126.596191,143.864380,731.217224,2226.287842,0.004732,0.435195,-0.007742,0.900291,-1718.608887,1259.451782,-816.001831,-1813.345459,1286.669678,-949.698242,-1728.259277,1281.513550,-720.175232,-1614.221558,1210.172241,-778.131897,-1814.035278,1287.011719,-949.854553,-1728.152100,1281.309204,-721.007324,-1613.517334,1210.001709,-776.957092,44.991947,731.109558,2192.415527,124.072517,729.426270,2125.429443,145.059647,731.237793,2227.721924,267.809540,634.342773,2151.933838,,,,2858.894775,213.247162,-2461.574219,,,,,,,,,,,,,,,,,,,,,,,,,3038.530273,105.868217,-2646.852051,3222.807373,76.898773,-2840.759277,,,,,,,,,,,,,,,
93,0.775000,-0.436403,-0.001348,0.899750,-0.000951,104.621918,730.553894,2181.716553,46.145649,731.013306,2192.265869,123.831314,729.443481,2126.593506,143.888809,731.204834,2226.290039,0.004705,0.435181,-0.007697,0.900298,-1718.615234,1259.488525,-816.008057,-1813.350342,1286.695435,-949.707764,-1728.270996,1281.550293,-720.181946,-1614.223999,1210.220337,-778.134277,-1814.042969,1287.040771,-949.855164,-1728.160278,1281.338989,-721.043884,-1613.519897,1210.052368,-776.946106,45.029171,731.020630,2192.390137,124.114151,729.421265,2125.466309,145.080490,731.225586,2227.696777,267.886230,634.268494,2152.004395,,,,2861.840088,218.354507,-2467.652588,,,,,,,,,,,,,,,,,,,,,,,,,3037.807861,106.393944,-2646.832031,3222.912842,76.946907,-2840.601074,,,,,,,,,,-1660.743652,1383.813110,-688.532959,,,
94,0.783333,-0.436461,-0.001419,0.899722,-0.000758,104.611595,730.566345,2181.711914,46.134113,731.039307,2192.253906,123.827789,729.466797,2126.591309,143.872910,731.192871,2226.290771,0.004641,0.435141,-0.007950,0.900315,-1718.599976,1259.461914,-815.999268,-1813.312988,1286.661743,-949.716064,-1728.254883,1281.559692,-720.181396,-1614.231689,1210.164551,-778.100220,-1814.025269,1287.018066,-949.861328,-1728.157837,1281.352661,-721.058472,-1613.500366,1209.984009,-776.899536,45.024624,731.046692,2192.368164,124.100647,729.445374,2125.490967,145.095856,731.213074,2227.718994,267.903198,634.249451,2151.977539,,,,2864.555420,224.283188,-2474.237793,,,,,,,,,,,,,,,,,,,,,,,,,3037.943604,106.213997,-2646.517822,3222.801270,76.972618,-2840.537354,,,,,,,,,,-1660.730347,1383.787964,-688.610413,,,
95,0.791667,-0.436293,-0.001066,0.899804,-0.000303,104.610184,730.598877,2181.703125,46.137215,731.140198,2192.266602,123.804497,729.464539,2126.575439,143.888855,731.191895,2226.267090,0.004575,0.435235,-0.007600,0.900273,-1718.624390,1259.518311,-816.003906,-1813.383545,1286.678223,-949.696106,-1728.274902,1281.591309,-720.179932,-1614.214478,1210.285522,-778.135620,-1814.044800,1287.009888,-949.824280,-1728.158325,1281.375977,-721.047180,-1613.551514,1210.133545,-776.984619,44.973419,731.149292,2192.385742,124.090927,729.442505,2125.474365,145.127365,731.210571,2227.674561,267.922089,634.276062,2151.996582,,,,2866.849121,230.586273,-2480.777344,,,,,,,,,,,,,,,,,,,,,,,,,3040.845947,103.960724,-2645.769531,3223.092529,76.668694,-2840.429932,,,,,,,,,,-1660.718384,1383.765381,-688.680237,,,
96,0.800000,-0.436310,-0.001135,0.899796,-0.000463,104.602058,730.614441,2181.675537,46.128517,731.135620,2192.236816,123.798805,729.485840,2126.548584,143.878891,731.221741,2226.240967,0.004570,0.435198,-0.007925,0.900288,-1718.602173,1259.445679,-815.963501,-1813.335327,1286.621460,-949.670959,-1728.247314,1281.552490,-720.146729,-1614.223877,1210.163452,-778.072693,-1814.028442,1286.968750,-949.809631,-1728.149170,1281.346680,-721.012268,-1613.515015,1209.990601,-776.899292,44.987007,731.144165,2192.357666,124.083351,729.463928,2125.448730,145.090469,731.240784,2227.632568,267.854401,634.398193,2151.906250,,,,2869.997070,235.997818,-2487.169434,,,,,,,,,,,,,,,,,,,,,,,,,3055.134766,92.959129,-2643.023438,3222.156250,77.671440,-2840.567871,,,,,,,,,,-1660.707764,1383.745117,-688.743042,,,
97,0.808333,-0.436256,-0.001132,0.899822,-0.000729,104.608902,730.574341,2181.662354,46.136379,731.070190,2192.230713,123.799583,729.441956,2126.533203,143.890762,731.210938,2226.222656,0.004683,0.435258,-0.007970,0.900258,-1718.611084,1259.505859,-816.006714,-1813.357056,1286.720581,-949.697205,-1728.239502,1281.598511,-720.185059,-1614.236572,1210.198730,-778.137817,-1814.062012,1287.070435,-949.858826,-1728.124023,1281.385742,-721.038879,-1613.517822,1210.026978,-776.926575,44.974407,731.078613,2192.362549,124.097153,729.419189,2125.398193,145.104416,731.231140,2227.628418,267.987396,634.330322,2151.964355,,,,2873.814209,240.481949,-2493.590088,,,,,,,,,,,,,,,,,,,,,,,,,3055.083008,92.945328,-2642.964844,3223.211182,76.530518,-2840.301270,,,,,,,,,,,,,,,
98,0.816667,-0.436234,-0.001354,0.899832,-0.000530,104.558151,730.612671,2181.652588,46.086231,731.112122,2192.224121,123.746017,729.508667,2126.521973,143.842270,731.217285,2226.211426,0.004535,0.435252,-0.008174,0.900260,-1718.592896,1259.469482,-815.963074,-1813.331299,1286.647461,-949.666382,-1728.216919,1281.607056,-720.151306,-1614.230225,1210.154419,-778.071472,-1814.050415,1287.007080,-949.815552,-1728.115845,1281.395996,-721.036133,-1613.492310,1209.973633,-776.854187,44.959621,731.120361,2192.349854,124.030029,729.486023,2125.362793,145.074768,731.237549,2227.680420,267.917938,634.376038,2151.933350,,,,2877.812744,244.457565,-2500.279785,,,,,,,,,,,,,,,,,,,,,,,,,3055.409424,92.729317,-2642.928955,3222.715576,77.013672,-2840.474121,,,,,,,,,,,,,,,
99,0.825000,-0.436247,-0.001344,0.899826,-0.000588,104.540764,730.608276,2181.634521,46.068474,731.102844,2192.204102,123.730331,729.502258,2126.504395,143.823517,731.219788,2226.194580,0.004503,0.435278,-0.008052,0.900249,-1718.608276,1259.479858,-816.003174,-1813.360962,1286.641113,-949.699768,-1728.232300,1281.610229,-720.189758,-1614.231445,1210.188477,-778.119995,-1814.043701,1286.981079,-949.848755,-1728.130249,1281.408081,-721.022278,-1613.533325,1210.019165,-776.960754,44.916286,731.111084,2192.331787,124.020546,729.479431,2125.334717,145.090424,731.240601,2227.693115,267.990967,634.362488,2151.921143,,,,2881.969238,247.976715,-2507.411377,,,,,,,,,,,,,,,,,,,,,,,,,3055.184326,92.939880,-2642.958252,3222.632812,76.988304,-2840.447510,,,,,,,,,,,,,,,
100,0.833333,-0.436181,-0.001673,0.899857,-0.000502,104.546799,730.639587,2181.635498,46.076008,731.119324,2192.214111,123.728401,729.572876,2126.501953,143.836029,731.226501,2226.190186,0.004613,0.435258,-0.008069,0.900258,-1718.610107,1259.464844,-815.986023,-1813.353271,1286.662231,-949.682007,-1728.235718,1281.578979,-720.169006,-1614.241211,1210.153564,-778.106995,-1814.057007,1287.014160,-949.827820,-1728.138550,1281.374023,-721.032959,-1613.518677,1209.975708,-776.919373,44.937622,731.127197,2192.336670,124.011330,729.551270,2125.354980,145.099304,731.246277,2227.677246,267.959656,634.426819,2151.948486,,,,2887.082764,250.278030,-2514.626709,,,,,,,,,,,,,,,,,,,,,,,,,3055.272949,92.859833,-2642.957031,3223.027100,76.401733,-2840.482666,,,,,,,,,,,,,,,
101,0.841667,-0.436254,-0.001328,0.899823,-0.000529,104.564102,730.641968,2181.640625,46.091728,731.143311,2192.209473,123.754295,729.534973,2126.510742,143.846313,731.247620,2226.201416,0.004731,0.435199,-0.007887,0.900288,-1718.622070,1259.497559,-815.988342,-1813.353027,1286.723267,-949.687195,-1728.265747,1281.573975,-720.164429,-1614.247314,1210.195557,-778.113342,-1814.060913,1287.075317,-949.843750,-1728.166626,1281.371094,-721.012268,-1613.518555,1210.015015,-776.919861,44.972645,731.151550,2192.336914,124.037926,729.512024,2125.336914,145.072769,731.268188,2227.678955,268.034393,634.320190,2151.977783,,,,2891.816650,252.176285,-2522.261719,,,,,,,,,,,,,,,,,,,,,,,,,3055.497070,92.750862,-2642.869385,3222.807129,76.566925,-2840.552002,,,,,,,,,,,,,,,
102,0.850000,-0.436208,-0.001341,0.899845,-0.000556,104.564140,730.624512,2181.644287,46.092777,731.122314,2192.218994,123.748871,729.518677,2126.512451,143.850784,731.232544,2226.200928,0.004671,0.435158,-0.007899,0.900307,-1718.619751,1259.497681,-816.016602,-1813.339600,1286.704590,-949.727173,-1728.272583,1281.585327,-720.196167,-1614.246826,1210.203369,-778.126343,-1814.041992,1287.054321,-949.879761,-1728.163940,1281.375000,-721.057922,-1613.529785,1210.030396,-776.926636,44.956966,731.130676,2192.348877,124.037369,729.495544,2125.325684,145.097626,731.253357,2227.699707,267.935272,634.394653,2151.950684,,,,2896.454102,253.672745,-2530.275391,,,,,,,,,,,,,,,,,,,,,,,,,3043.321289,103.933609,-2646.109131,3223.397461,75.711761,-2840.508057,,,,,,,,,,,,,,,
103,0.858333,-0.435521,-0.001929,0.900175,-0.001708,104.603836,730.520508,2181.792236,46.147572,730.866577,2192.456055,123.707336,729.466980,2126.631592,143.956635,731.227966,2226.289062,0.004685,0.435201,-0.008038,0.900285,-1718.614868,1259.468628,-815.996033,-1813.340820,1286.687744,-949.699829,-1728.252441,1281.567871,-720.176758,-1614.251099,1210.150635,-778.111389,-1814.066406,1287.049072,-949.859924,-1728.158447,1281.365601,-721.036194,-1613.499634,1209.961670,-776.897278,44.968281,730.872620,2192.624023,124.037788,729.442993,2125.364746,145.086044,731.250122,2227.666016,267.940063,634.384460,2151.929688,,,,2901.051025,254.514374,-2538.660645,,,,,,,,,,,,,,,,,,,,,,,,,3049.397461,100.025551,-2649.832764,3222.985596,76.148361,-2840.640625,,,,,,,,,,,,,,,
104,0.866667,-0.436325,-0.001105,0.899788,-0.000900,104.583466,730.556335,2181.736816,46.109146,731.037598,2192.295898,123.783066,729.418335,2126.611084,143.858231,731.212952,2226.303223,0.004795,0.435237,-0.007814,0.900269,-1718.608643,1259.482666,-816.004456,-1813.352783,1286.725098,-949.690491,-1728.245972,1281.541260,-720.175781,-1614.226929,1210.181885,-778.146912,-1814.048584,1287.069458,-949.853271,-1728.122192,1281.326172,-721.019653,-1613.520752,1210.016724,-776.935242,44.965855,731.045715,2192.433350,124.081795,729.394470,2125.429443,145.051147,731.234253,2227.730225,267.927979,634.323242,2151.922363,,,,2905.781494,254.323547,-2547.355713,,,,,,,,,,,,,,,,,,,,,,,,,3054.865967,96.508301,-2653.184082,3223.250977,75.618286,-2840.597900,,,,,,,,,,,,,,,
105,0.875000,-0.436603,-0.000828,0.899654,-0.000358,104.597763,730.601135,2181.705811,46.117588,731.153931,2192.228760,123.829910,729.438416,2126.592041,143.845810,731.211060,2226.296387,0.004645,0.435249,-0.007793,0.900264,-1718.623413,1259.503662,-816.002075,-1813.376099,1286.696777,-949.692261,-1728.261719,1281.584595,-720.178650,-1614.232300,1210.229980,-778.135254,-1814.057983,1287.035767,-949.842651,-1728.139893,1281.369019,-721.030884,-1613.543335,1210.070312,-776.947388,44.977211,731.163086,2192.353516,124.118332,729.415405,2125.471436,145.059708,731.230530,2227.708984,267.892303,634.357422,2151.905762,,,,2910.179199,253.560486,-2556.530273,,,,,,,,,,,,,,,,,,,,,,,,,3049.450439,96.037498,-2657.146729,3222.804688,76.121193,-2840.815186,,,,,,,,,,,,,-1660.743164,1383.799927,-688.527405
106,0.883333,-0.436559,-0.001180,0.899675,-0.000398,104.588493,730.620239,2181.695068,46.109138,731.144592,2192.224121,123.815742,729.497864,2126.578613,143.840637,731.218323,2226.282227,0.004696,0.435257,-0.007868,0.900259,-1718.607056,1259.512695,-816.020203,-1813.357300,1286.726196,-949.707886,-1728.239624,1281.592896,-720.195984,-1614.224121,1210.219238,-778.156555,-1814.053955,1287.070312,-949.875549,-1728.118408,1281.381226,-721.026062,-1613.514893,1210.052124,-776.948608,44.977158,731.153503,2192.356445,124.108940,729.474976,2125.421143,145.026825,731.237610,2227.694092,267.842010,634.453186,2151.898926,,,,2914.685547,251.855530,-2565.733887,,,,,,,,,,,,,,,,,,,,,,,,,,,,3223.183105,75.659561,-2840.708984,,,,,,,,,,,,,-1660.740479,1383.779785,-688.629150
107,0.891667,-0.436516,-0.001138,0.899695,-0.000737,104.612541,730.612000,2181.724854,46.133892,731.106628,2192.259277,123.835205,729.480103,2126.606934,143.868561,731.249207,2226.308105,0.004678,0.435219,-0.008084,0.900276,-1718.605103,1259.486572,-816.003845,-1813.334351,1286.705811,-949.705322,-1728.237305,1281.591553,-720.185364,-1614.243774,1210.162476,-778.120789,-1814.039429,1287.057739,-949.856628,-1728.140991,1281.389282,-721.038025,-1613.517456,1209.982544,-776.933533,44.999722,731.114868,2192.390625,124.129044,729.457520,2125.482178,145.031876,731.268860,2227.668945,267.972473,634.352173,2151.983398,,,,2919.522705,249.238571,-2575.259033,,,,,,,,,,,,,,,,,,,,,,,,,,,,3223.759521,74.877449,-2840.700684,,,,,,,,,,,,,-1660.738281,1383.761719,-688.720764
108,0.900000,-0.436439,-0.001078,0.899733,-0.000643,104.622597,730.591858,2181.709473,46.145878,731.099731,2192.254150,123.835526,729.454346,2126.588379,143.886429,731.221436,2226.285889,0.004666,0.435249,-0.008048,0.900262,-1718.617676,1259.479736,-815.996704,-1813.357544,1286.693115,-949.691650,-1728.245117,1281.583130,-720.177368,-1614.250122,1210.163208,-778.120911,-1814.054077,1287.040161,-949.843323,-1728.141846,1281.377686,-721.025452,-1613.536865,1209.989258,-776.938293,44.974785,731.108459,2192.391357,124.140465,729.431091,2125.437988,145.087189,731.241272,2227.683105,267.952087,634.322571,2151.971924,,,,2923.239746,247.058792,-2585.357910,,,,,,,,,,,,,,,,,,,,,,,,,,,,3223.328125,75.332077,-2840.855225,,,,,,,,,,,,,-1660.736206,1383.745605,-688.803223
109,0.908333,-0.436310,-0.001057,0.899795,-0.000558,104.603401,730.591553,2181.678223,46.129784,731.109009,2192.239502,123.800354,729.452759,2126.551514,143.880096,731.212830,2226.243408,0.005250,0.435208,-0.008021,0.900279,-1718.617554,1259.572021,-816.015320,-1813.332031,1286.972534,-949.690125,-1728.244141,1281.577026,-720.173218,-1614.276245,1210.166870,-778.182495,-1814.084229,1287.344849,-949.871033,-1728.141357,1281.370117,-721.035278,-1613.495361,1209.969116,-776.918762,44.992226,731.117554,2192.364258,124.086342,729.429871,2125.416016,145.111237,731.233154,2227.686768,267.963959,634.338745,2151.962402,,,,2926.298340,245.057587,-2595.699463,,,,,,,,,,,,,,,,,,,,,,,,,,,,3223.164795,75.456917,-2840.990234,,,,,,,,,,,,,,,
110,0.916667,-0.436320,-0.001276,0.899791,-0.000169,104.558769,730.627197,2181.688721,46.085201,731.166748,2192.249023,123.756332,729.518982,2126.561523,143.834793,731.195801,2226.255371,0.004676,0.435222,-0.008002,0.900276,-1718.623657,1259.504761,-816.000793,-1813.357544,1286.718994,-949.699951,-1728.258667,1281.601929,-720.180725,-1614.254639,1210.193848,-778.121582,-1814.080933,1287.079224,-949.858032,-1728.154175,1281.391113,-721.055725,-1613.510986,1210.011475,-776.895142,44.933884,731.176025,2192.385010,124.054062,729.495789,2125.368408,145.064590,731.215027,2227.728271,267.909241,634.413635,2151.950439,,,,2929.236816,242.646881,-2606.517090,,,,,,,,,,,,,,,,,,,,,,,,,,,,3223.240479,75.225533,-2840.989014,,,,,,,,,,,,,,,
