Format Version,1.25,Take Name,Take 2026-08-14 09.09.35 AM,Take Notes,,Capture Frame Rate,120.000000,Export Frame Rate,120.000000,Capture Start Time,2026-08-14 09.09.35.233 AM,Capture Start Frame,226598,Total Frames in Take,138,Total Exported Frames,138,Rotation Type,Quaternion,Length Units,Millimeters,Coordinate Space,Global

,Type,Rigid Body,Rigid Body,Rigid Body,Rigid Body,Rigid Body,Rigid Body,Rigid Body,Rigid Body Marker,Rigid Body Marker,Rigid Body Marker,Rigid Body Marker,Rigid Body Marker,Rigid Body Marker,Rigid Body Marker,Rigid Body Marker,Rigid Body Marker,Marker,Marker,Marker,Marker,Marker,Marker,Marker,Marker,Marker,Marker,Marker,Marker,Marker,Marker,Marker,Marker,Marker,Marker,Marker,Marker,Marker,Marker,Marker,Marker,Marker,Marker,Marker,Marker,Marker,Marker,Marker,Marker,Marker,Marker,Marker,Marker,Marker,Marker,Marker,Marker,Marker,Marker
,Name,Camera 001,Camera 001,Camera 001,Camera 001,Camera 001,Camera 001,Camera 001,Camera 001:Marker 001,Camera 001:Marker 001,Camera 001:Marker 001,Camera 001:Marker 002,Camera 001:Marker 002,Camera 001:Marker 002,Camera 001:Marker 003,Camera 001:Marker 003,Camera 001:Marker 003,Camera 001:Marker 001,Camera 001:Marker 001,Camera 001:Marker 001,Camera 001:Marker 002,Camera 001:Marker 002,Camera 001:Marker 002,Camera 001:Marker 003,Camera 001:Marker 003,Camera 001:Marker 003,Unlabeled 1037,Unlabeled 1037,Unlabeled 1037,Unlabeled 1038,Unlabeled 1038,Unlabeled 1038,Unlabeled 1039,Unlabeled 1039,Unlabeled 1039,Unlabeled 1040,Unlabeled 1040,Unlabeled 1040,Unlabeled 1041,Unlabeled 1041,Unlabeled 1041,Unlabeled 1042,Unlabeled 1042,Unlabeled 1042,Unlabeled 1043,Unlabeled 1043,Unlabeled 1043,Unlabeled 1044,Unlabeled 1044,Unlabeled 1044,Unlabeled 1045,Unlabeled 1045,Unlabeled 1045,Unlabeled 1046,Unlabeled 1046,Unlabeled 1046,Unlabeled 1047,Unlabeled 1047,Unlabeled 1047
,ID,22B6D3D7979E11F1ABE2E0AD00C477B3,22B6D3D7979E11F1ABE2E0AD00C477B3,22B6D3D7979E11F1ABE2E0AD00C477B3,22B6D3D7979E11F1ABE2E0AD00C477B3,22B6D3D7979E11F1ABE2E0AD00C477B3,22B6D3D7979E11F1ABE2E0AD00C477B3,22B6D3D7979E11F1ABE2E0AD00C477B3,"22B6D3D7979E11F1:ABE2E0AD00C477B3","22B6D3D7979E11F1:ABE2E0AD00C477B3","22B6D3D7979E11F1:ABE2E0AD00C477B3","22B6D3D7979E11F1:ABE2E0AD00C477B3","22B6D3D7979E11F1:ABE2E0AD00C477B3","22B6D3D7979E11F1:ABE2E0AD00C477B3","22B6D3D7979E11F1:ABE2E0AD00C477B3","22B6D3D7979E11F1:ABE2E0AD00C477B3","22B6D3D7979E11F1:ABE2E0AD00C477B3","56CEACD6979E11F1:ABE2E0AD00C477B3","56CEACD6979E11F1:ABE2E0AD00C477B3","56CEACD6979E11F1:ABE2E0AD00C477B3","56CEACD7979E11F1:ABE2E0AD00C477B3","56CEACD7979E11F1:ABE2E0AD00C477B3","56CEACD7979E11F1:ABE2E0AD00C477B3","56CEACD8979E11F1:ABE2E0AD00C477B3","56CEACD8979E11F1:ABE2E0AD00C477B3","56CEACD8979E11F1:ABE2E0AD00C477B3","550A:F0529DA1979911F1","550A:F0529DA1979911F1","550A:F0529DA1979911F1","550B:F0529DA1979911F1","550B:F0529DA1979911F1","550B:F0529DA1979911F1","550C:F0529DA1979911F1","550C:F0529DA1979911F1","550C:F0529DA1979911F1","550D:F0529DA1979911F1","550D:F0529DA1979911F1","550D:F0529DA1979911F1","550E:F0529DA1979911F1","550E:F0529DA1979911F1","550E:F0529DA1979911F1","550F:F0529DA1979911F1","550F:F0529DA1979911F1","550F:F0529DA1979911F1","5510:F0529DA1979911F1","5510:F0529DA1979911F1","5510:F0529DA1979911F1","5511:F0529DA1979911F1","5511:F0529DA1979911F1","5511:F0529DA1979911F1","5512:F0529DA1979911F1","5512:F0529DA1979911F1","5512:F0529DA1979911F1","5513:F0529DA1979911F1","5513:F0529DA1979911F1","5513:F0529DA1979911F1","5514:F0529DA1979911F1","5514:F0529DA1979911F1","5514:F0529DA1979911F1"
,Parent,,,,,,,,Camera 001,Camera 001,Camera 001,Camera 001,Camera 001,Camera 001,Camera 001,Camera 001,Camera 001,,,,,,,,,,,,,,,,,,,,,,,,,,,,,,,,,,,,,,,,,,
,,Rotation,Rotation,Rotation,Rotation,Position,Position,Position,Position,Position,Position,Position,Position,Position,Position,Position,Position,Position,Position,Position,Position,Position,Position,Position,Position,Position,Position,Position,Position,Position,Position,Position,Position,Position,Position,Position,Position,Position,Position,Position,Position,Position,Position,Position,Position,Position,Position,Position,Position,Position,Position,Position,Position,Position,Position,Position,Position,Position,Position
Frame,Time (Seconds),X,Y,Z,W,X,Y,Z,X,Y,Z,X,Y,Z,X,Y,Z,X,Y,Z,X,Y,Z,X,Y,Z,X,Y,Z,X,Y,Z,X,Y,Z,X,Y,Z,X,Y,Z,X,Y,Z,X,Y,Z,X,Y,Z,X,Y,Z,X,Y,Z,X,Y,Z
0,0.000000,0.000053,-0.000044,-0.000451,1.000000,2306.830566,1287.654785,-1941.340088,2352.534424,1312.894775,-2099.025391,2225.538574,1309.777100,-1889.718628,2342.418945,1240.292603,-1835.276001,2352.523682,1312.907104,-2099.050049,2225.542725,1309.782471,-1889.743408,2342.426025,1240.274414,-1835.225342,,,,,,,,,,,,,,,,,,,,,,,,,,,,,,,,,
1,0.008333,0.000111,0.000019,-0.000482,1.000000,2306.822754,1287.651611,-1941.347656,2352.508545,1312.907349,-2099.035645,2225.538574,1309.773193,-1889.713379,2342.421387,1240.274780,-1835.293579,2352.490479,1312.922729,-2099.059570,2225.536621,1309.786987,-1889.757935,2342.442139,1240.244507,-1835.223022,,,,,,,,,,,,,,,,,,,,,,,,,,,,,,,,,
2,0.016667,0.000101,-0.000009,-0.000431,1.000000,2306.825684,1287.649658,-1941.350342,2352.517822,1312.906616,-2099.036377,2225.536133,1309.763916,-1889.721191,2342.422852,1240.278564,-1835.293213,2352.506592,1312.920532,-2099.065674,2225.532715,1309.773926,-1889.750366,2342.437988,1240.254028,-1835.232910,,,,,,,,,,,,,,,,,,,,,,,,,,,,,,,,,
3,0.025000,0.000070,0.000130,-0.000644,1.000000,2306.860352,1287.653198,-1941.323853,2352.519287,1312.881104,-2099.024414,2225.594727,1309.805298,-1889.673340,2342.467285,1240.273560,-1835.273682,2352.501709,1312.896729,-2099.050293,2225.633789,1309.794189,-1889.697388,2342.445557,1240.268433,-1835.223022,,,,,,,,,,,,,,,,,,,,,,,,,,,,,,,,,
4,0.033333,0.000049,0.000071,-0.000572,1.000000,2306.849121,1287.661377,-1941.344727,2352.522949,1312.889282,-2099.040771,2225.573975,1309.803955,-1889.704834,2342.450195,1240.291382,-1835.288574,2352.509033,1312.900757,-2099.058105,2225.584229,1309.807495,-1889.733398,2342.454346,1240.275757,-1835.241943,,,,,,,,,,,,,,,,,,,,,,,,,,,,,,,,,
5,0.041667,0.000107,0.000046,-0.000614,1.000000,2306.824707,1287.675903,-1941.369263,2352.508789,1312.918091,-2099.060059,2225.549072,1309.819214,-1889.730957,2342.416504,1240.290527,-1835.316650,2352.501221,1312.929932,-2099.088867,2225.549072,1309.824829,-1889.750244,2342.424072,1240.272461,-1835.267334,,,,,,,,,,,,,,,,,,,,,,,,,,,,,,,,,
6,0.050000,0.000059,-0.000022,-0.000440,1.000000,2306.840576,1287.666260,-1941.364380,2352.537109,1312.909424,-2099.051514,2225.550293,1309.786377,-1889.739136,2342.434570,1240.303467,-1835.302490,2352.529541,1312.921631,-2099.081543,2225.548096,1309.793091,-1889.759399,2342.443848,1240.283813,-1835.251099,,,,,,,,,,,,,,,,,,,,,,,,,,,,,,,,,
7,0.058333,0.000096,0.000013,-0.000601,1.000000,2306.833252,1287.657715,-1941.363037,2352.526855,1312.897705,-2099.051514,2225.553467,1309.800171,-1889.730591,2342.419434,1240.275635,-1835.307129,2352.527344,1312.908325,-2099.087646,2225.542969,1309.807007,-1889.737671,2342.429932,1240.257935,-1835.263306,2241.116943,1410.851562,-1817.586792,,,,,,,,,,,,,,,,,,,,,,,,,,,,,,
8,0.066667,0.000151,0.000050,-0.000700,1.000000,2306.827393,1287.653076,-1941.342651,2352.514160,1312.901367,-2099.031738,2225.555908,1309.805908,-1889.701782,2342.411865,1240.252319,-1835.294434,2352.507812,1312.913696,-2099.063232,2225.537842,1309.821533,-1889.727539,2342.437012,1240.223511,-1835.235718,2241.450928,1410.123779,-1816.978516,,,,,,,,,,,,,,,,,,,,,,,,,,,,,,
9,0.075000,0.000163,0.000151,-0.000735,1.000000,2306.864990,1287.629883,-1941.319946,2352.522217,1312.878906,-2099.017334,2225.605469,1309.786987,-1889.661987,2342.467529,1240.223877,-1835.280151,2352.508301,1312.900269,-2099.069092,2225.635254,1309.779419,-1889.683105,2342.450684,1240.209839,-1835.206177,2241.751953,1409.468750,-1816.431274,,,,,,,,,,,,,,,,,,,,,,,,,,,,,,
10,0.083333,0.000075,0.000038,-0.000784,1.000000,2306.839355,1287.652100,-1941.352295,2352.534424,1312.868774,-2099.043945,2225.570557,1309.826416,-1889.716675,2342.413330,1240.261597,-1835.296021,2352.529785,1312.884277,-2099.089844,2225.564453,1309.834106,-1889.734009,2342.424805,1240.237305,-1835.231445,2242.022461,1408.879272,-1815.938599,,,,,,,,,,,,,,,,,,,,,,,,,,,,,,
11,0.091667,0.000152,0.000027,-0.000766,1.000000,2306.825928,1287.648804,-1941.361572,2352.523682,1312.891235,-2099.048340,2225.554932,1309.812134,-1889.724243,2342.399170,1240.243164,-1835.311768,2352.518555,1312.906860,-2099.093750,2225.532471,1309.830078,-1889.750000,2342.427734,1240.208496,-1835.238159,,,,,,,,,,,,,,,,,,,,,,,,,,,,,,,,,
12,0.100000,0.000081,-0.000010,-0.000456,1.000000,2306.818848,1287.661987,-1941.352905,2352.512939,1312.910400,-2099.040039,2225.530273,1309.782471,-1889.724854,2342.413574,1240.293457,-1835.293945,2352.507812,1312.924072,-2099.078613,2225.512451,1309.796997,-1889.747192,2342.437012,1240.264160,-1835.231079,,,,,,,,,,,,,,,,,,,,,,,,,,,,,,,,,
13,0.108333,0.000108,0.000017,-0.000289,1.000000,2306.816406,1287.669678,-1941.362183,2352.492920,1312.941895,-2099.050293,2225.523193,1309.760132,-1889.728394,2342.432617,1240.307373,-1835.307617,2352.482666,1312.954346,-2099.076416,2225.505859,1309.777832,-1889.762451,2342.461670,1240.275879,-1835.245239,,,,,,,,,,,,,,,,,,,,,,,,,,,,,,,,,
14,0.116667,-0.000009,0.000002,-0.000102,1.000000,2306.822998,1287.695190,-1941.382202,2352.494873,1312.947632,-2099.074951,2225.520020,1309.767212,-1889.756104,2342.453857,1240.370850,-1835.315430,2352.494385,1312.956909,-2099.105957,2225.519531,1309.768677,-1889.759644,2342.455078,1240.360352,-1835.280762,,,,,,,,,,,,,,,,,,,,,,,,,,,,,,,,,
15,0.125000,-0.000011,0.000016,-0.000120,1.000000,2306.826172,1287.691528,-1941.370361,2352.494385,1312.941528,-2099.064453,2225.525391,1309.766602,-1889.742065,2342.458496,1240.366455,-1835.304443,2352.490234,1312.949341,-2099.083740,2225.519775,1309.773193,-1889.755859,2342.468506,1240.351929,-1835.270752,,,,,,,,,,,,,,,,,,,,,,,,,,,,,,,,,
16,0.133333,-0.000110,0.000017,0.000037,1.000000,2306.821289,1287.713989,-1941.367432,2352.481689,1312.947144,-2099.066406,2225.513916,1309.773926,-1889.743286,2342.468506,1240.421143,-1835.292114,2352.485840,1312.961670,-2099.122803,2225.510254,1309.774414,-1889.740234,2342.467773,1240.406006,-1835.239502,,,,,,,,,,,,,,,,,,,,,,,,,,,,,,,,,
17,0.141667,-0.000142,0.000014,-0.000145,1.000000,2306.818359,1287.690674,-1941.350342,2352.488525,1312.897095,-2099.050781,2225.518555,1309.783569,-1889.728027,2342.447754,1240.391602,-1835.271851,2352.483154,1312.908081,-2099.080811,2225.514160,1309.790039,-1889.743896,2342.457275,1240.373413,-1835.224976,,,,,,,,,,,,,,,,,,,,,,,,,,,,,,,,,
18,0.150000,-0.000150,0.000018,-0.000219,1.000000,2306.818115,1287.656128,-1941.336792,2352.490967,1312.853271,-2099.037842,2225.521729,1309.761841,-1889.714355,2342.441162,1240.353516,-1835.257812,2352.490479,1312.860352,-2099.062012,2225.508545,1309.770752,-1889.723511,2342.455322,1240.337158,-1835.224121,,,,,,,,,,,,,,,,,,,,,,,,,,,,,,,,,
19,0.158333,-0.000079,0.000046,-0.000318,1.000000,2306.817871,1287.659058,-1941.348877,2352.486816,1312.869751,-2099.049072,2225.529053,1309.773438,-1889.718750,2342.437500,1240.334229,-1835.278809,2352.479004,1312.875122,-2099.055420,2225.526123,1309.780518,-1889.738281,2342.448730,1240.321655,-1835.252686,,,,2241.108154,1410.804443,-1817.566406,,,,,,,,,,,,,,,,,,,,,,,,,,,
20,0.166667,0.000011,-0.000001,-0.000363,1.000000,2306.814209,1287.667358,-1941.346680,2352.500244,1312.902222,-2099.038086,2225.522461,1309.779907,-1889.720093,2342.419922,1240.320435,-1835.281616,2352.495605,1312.915894,-2099.078125,2225.516846,1309.787109,-1889.736084,2342.430420,1240.298828,-1835.224365,,,,2241.439453,1410.095093,-1816.966064,,,,,,,,,,,,,,,,,,,,,,,,,,,
21,0.175000,0.000034,-0.000062,-0.000352,1.000000,2306.792969,1287.690674,-1941.334595,2352.497803,1312.933716,-2099.019287,2225.494385,1309.798950,-1889.717041,2342.386475,1240.339478,-1835.267334,2352.488037,1312.950195,-2099.060303,2225.505371,1309.799805,-1889.737183,2342.385010,1240.321899,-1835.205078,,,,2241.737305,1409.456787,-1816.425781,,,,,,,,,,,,,,,,,,,,,,,,,,,
22,0.183333,0.000080,-0.000117,-0.000430,1.000000,2306.794189,1287.687622,-1941.341919,2352.520264,1312.938354,-2099.019043,2225.493408,1309.803833,-1889.731201,2342.368896,1240.321167,-1835.275146,2352.496826,1312.960083,-2099.057129,2225.522461,1309.802856,-1889.773193,2342.362549,1240.299561,-1835.192505,,,,2242.005371,1408.882202,-1815.939697,,,,,,,,,,,,,,,,,,,,,,,,,,,
23,0.191667,0.000093,-0.000134,-0.000374,1.000000,2306.791504,1287.677246,-1941.337891,2352.520264,1312.937134,-2099.012939,2225.486572,1309.783081,-1889.729492,2342.367920,1240.312012,-1835.271118,2352.503662,1312.957886,-2099.058105,2225.509033,1309.781616,-1889.759766,2342.361572,1240.291992,-1835.193604,,,,,,,,,,,,,,,,,,,,,,,,,,,,,,,,,
24,0.200000,0.000067,0.000203,-0.000605,1.000000,2306.792969,1287.654297,-1941.336792,2352.427002,1312.884766,-2099.043945,2225.532959,1309.800293,-1889.674683,2342.418945,1240.278076,-1835.291504,2352.408936,1312.909668,-2099.100342,2225.590332,1309.779663,-1889.694092,2342.379395,1240.273682,-1835.214233,,,,,,,,,,,,,,,,,,,,,,,,,,,,,,,,,
25,0.208333,-0.000145,0.000380,-0.000707,1.000000,2306.795410,1287.662354,-1941.339722,2352.378418,1312.816895,-2099.073730,2225.558350,1309.846924,-1889.658081,2342.449219,1240.323730,-1835.287109,2352.353516,1312.836792,-2099.102539,2225.647705,1309.811768,-1889.677979,2342.386963,1240.338135,-1835.237915,,,,,,,,,,,,,,,,,,,,,,,,,,,,,,,,,
26,0.216667,-0.000344,0.000263,-0.000570,1.000000,2306.760986,1287.633057,-1941.353760,2352.374268,1312.737061,-2099.087158,2225.505859,1309.815918,-1889.700073,2342.403076,1240.346436,-1835.273926,2352.337402,1312.753906,-2099.086670,2225.588379,1309.792236,-1889.748779,2342.360596,1240.352295,-1835.226929,,,,,,,,,,,,,,,,,,,,,,,,,,,,,,,,,
27,0.225000,-0.000487,0.000235,-0.000235,1.000000,2306.746582,1287.632568,-1941.371216,2352.351562,1312.722046,-2099.109131,2225.473633,1309.775757,-1889.728271,2342.414062,1240.400146,-1835.275879,2352.336182,1312.733276,-2099.122803,2225.520264,1309.759033,-1889.744385,2342.384033,1240.405396,-1835.246460,,,,,,,,,,,,,,,,,,,,,,,,,,,,,,,,,
28,0.233333,-0.000400,0.000354,-0.000386,1.000000,2306.765137,1287.642944,-1941.354980,2352.340332,1312.746216,-2099.099365,2225.510986,1309.801636,-1889.688965,2342.443848,1240.381470,-1835.276367,2352.328125,1312.752808,-2099.103516,2225.585938,1309.765747,-1889.683594,2342.382324,1240.409912,-1835.277832,,,,,,,,,,,,,,,,,,,,,,,,,,,,,,,,,
29,0.241667,-0.000312,0.000414,-0.000576,1.000000,2306.798340,1287.646851,-1941.346436,2352.364258,1312.760498,-2099.092041,2225.559326,1309.827271,-1889.666626,2342.472168,1240.353149,-1835.280396,2352.352783,1312.769897,-2099.105713,2225.631348,1309.792969,-1889.661743,2342.413086,1240.377441,-1835.271118,,,,,,,,,,,,,,,,,,,,,,,,,,,,,,,,,
30,0.250000,-0.000040,0.000222,-0.000551,1.000000,2306.835938,1287.693848,-1941.354736,2352.461182,1312.895630,-2099.069092,2225.575439,1309.842163,-1889.694214,2342.470947,1240.344116,-1835.300781,2352.448486,1312.902588,-2099.072754,2225.648193,1309.807983,-1889.691528,2342.413086,1240.370361,-1835.299805,,,,,,,,,,,,,,,,,,,,,,,,,,,,,,,,,
31,0.258333,0.000183,0.000027,-0.000350,1.000000,2306.835938,1287.703247,-1941.367188,2352.512695,1312.993652,-2099.052490,2225.546631,1309.795898,-1889.728516,2342.448730,1240.320557,-1835.320312,2352.505371,1312.997925,-2099.055420,2225.566895,1309.788574,-1889.735718,2342.435303,1240.323608,-1835.310303,,,,,,,2240.817627,1411.513794,-1817.544312,,,,,,,,,,,,,,,,,,,,,,,,
32,0.266667,0.000199,0.000112,-0.000315,1.000000,2306.807617,1287.681030,-1941.374146,2352.455322,1312.979614,-2099.066406,2225.525391,1309.766235,-1889.720947,2342.441895,1240.297363,-1835.334961,2352.456543,1312.992554,-2099.112305,2225.516846,1309.771729,-1889.726196,2342.449463,1240.278564,-1835.283569,,,,,,,2241.447998,1410.114990,-1816.945312,,,,,,,,,,,,,,,,,,,,,,,,
33,0.275000,0.000168,-0.000008,-0.000450,1.000000,2306.815430,1287.645142,-1941.352539,2352.508057,1312.921631,-2099.035156,2225.526855,1309.755493,-1889.720215,2342.411377,1240.258545,-1835.301758,2352.498047,1312.928589,-2099.043457,2225.516846,1309.768188,-1889.748291,2342.431396,1240.238647,-1835.265259,,,,,,,2242.015137,1408.856201,-1816.406250,,,,,,,,,,,,,,,,,,,,,,,,
34,0.283333,0.000171,0.000030,-0.000522,1.000000,2306.812744,1287.650024,-1941.343628,2352.496826,1312.920654,-2099.029785,2225.531250,1309.771851,-1889.704956,2342.409912,1240.257568,-1835.296021,2352.482422,1312.928955,-2099.034668,2225.529297,1309.782959,-1889.739990,2342.427002,1240.237915,-1835.255859,,,,,,,2242.525635,1407.723145,-1815.921143,,,,,,,,,,,,,,,,,,,,,,,,
35,0.291667,0.000086,0.000065,-0.000531,1.000000,2306.822021,1287.656128,-1941.333008,2352.495850,1312.899292,-2099.026611,2225.544678,1309.788208,-1889.692505,2342.425781,1240.281250,-1835.279785,2352.481934,1312.905396,-2099.025635,2225.531738,1309.805176,-1889.731079,2342.453125,1240.257568,-1835.242310,,,,,,,,,,,,,,,,,,,,,,,,,,,,,,,,,
36,0.300000,0.000101,0.000064,-0.000570,1.000000,2306.832520,1287.636841,-1941.329224,2352.508789,1312.881226,-2099.021973,2225.556641,1309.773682,-1889.688232,2342.432373,1240.255981,-1835.277344,2352.478760,1312.886841,-2098.993896,2225.545654,1309.800049,-1889.760864,2342.473633,1240.224365,-1835.234619,,,,,,,,,,,,,,,,,,,,,,,,,,,,,,,,,
37,0.308333,0.000049,0.000099,-0.000556,1.000000,2306.825928,1287.643433,-1941.344604,2352.489990,1312.872803,-2099.043213,2225.552979,1309.783325,-1889.700073,2342.434570,1240.274536,-1835.290283,2352.468018,1312.881226,-2099.037109,2225.541748,1309.805176,-1889.756958,2342.469482,1240.243774,-1835.239624,,,,,,,,,,,,,,,,,,,,,,,,,,,,,,,,,
38,0.316667,0.000093,0.000083,-0.000476,1.000000,2306.835938,1287.640015,-1941.354492,2352.501221,1312.890381,-2099.049316,2225.557861,1309.762329,-1889.710693,2342.448730,1240.267456,-1835.303223,2352.488525,1312.898926,-2099.059326,2225.545410,1309.778198,-1889.745972,2342.474121,1240.242310,-1835.257446,,,,,,,,,,,,,,,,,,,,,,,,,,,,,,,,,
39,0.325000,0.000108,-0.000005,-0.000390,1.000000,2306.824463,1287.669434,-1941.342896,2352.513428,1312.932373,-2099.029053,2225.533447,1309.776367,-1889.712769,2342.426514,1240.299927,-1835.286743,2352.504150,1312.935181,-2099.025391,2225.524414,1309.787109,-1889.736572,2342.444092,1240.285889,-1835.266846,,,,,,,,,,,,,,,,,,,,,,,,,,,,,,,,,
40,0.333333,0.000169,0.000024,-0.000342,1.000000,2306.826660,1287.691895,-1941.350342,2352.503662,1312.978638,-2099.035889,2225.536621,1309.784790,-1889.712769,2342.439453,1240.312866,-1835.302124,2352.498047,1312.988159,-2099.059814,2225.530762,1309.792358,-1889.729858,2342.451172,1240.295410,-1835.260376,,,,,,,,,,,,,,,,,,,,,,,,,,,,,,,,,
41,0.341667,0.000158,0.000018,-0.000413,1.000000,2306.837158,1287.673218,-1941.347168,2352.519531,1312.949829,-2099.032959,2225.549805,1309.778687,-1889.710938,2342.442139,1240.291504,-1835.297363,2352.505615,1312.960449,-2099.047607,2225.553467,1309.785889,-1889.741821,2342.452148,1240.273071,-1835.250977,,,,,,,,,,,,,,,,,,,,,,,,,,,,,,,,,
42,0.350000,0.000163,0.000037,-0.000407,1.000000,2306.827393,1287.649658,-1941.332520,2352.503418,1312.928467,-2099.019775,2225.541504,1309.753540,-1889.693115,2342.436768,1240.267212,-1835.284668,2352.492920,1312.936401,-2099.030273,2225.535645,1309.764282,-1889.720703,2342.453369,1240.248169,-1835.245972,,,,,,,,,,,,,,,,,,,,,,,,,,,,,,,,,
43,0.358333,0.000227,0.000047,-0.000554,1.000000,2306.821533,1287.628296,-1941.328247,2352.502197,1312.913818,-2099.013184,2225.543213,1309.749634,-1889.684448,2342.419434,1240.221802,-1835.287109,2352.495117,1312.924927,-2099.040039,2225.520508,1309.768555,-1889.713501,2342.450195,1240.190796,-1835.229614,,,,,,,,,,2240.833008,1411.513428,-1817.562012,,,,,,,,,,,,,,,,,,,,,
44,0.366667,0.000167,0.000023,-0.000600,1.000000,2306.815918,1287.635376,-1941.315918,2352.506348,1312.897949,-2099.001709,2225.537109,1309.770142,-1889.678589,2342.404053,1240.238159,-1835.267456,2352.486816,1312.909424,-2099.010010,2225.541504,1309.780884,-1889.722290,2342.420166,1240.215454,-1835.214844,,,,,,,,,,2241.470459,1410.126587,-1816.949341,,,,,,,,,,,,,,,,,,,,,
45,0.375000,0.000109,0.000021,-0.000547,1.000000,2306.811523,1287.623047,-1941.302490,2352.500000,1312.872070,-2098.990967,2225.530273,1309.755371,-1889.668091,2342.404297,1240.242065,-1835.248291,2352.475830,1312.890137,-2099.015625,2225.542480,1309.764648,-1889.719238,2342.416992,1240.213379,-1835.170166,,,,,,,,,,2242.044189,1408.878418,-1816.398071,,,,,,,,,,,,,,,,,,,,,
46,0.383333,0.000085,-0.000003,-0.000439,1.000000,2306.813721,1287.649292,-1941.322998,2352.503906,1312.900513,-2099.010498,2225.525146,1309.766357,-1889.693481,2342.411865,1240.281250,-1835.264893,2352.482422,1312.917969,-2099.036865,2225.546143,1309.769043,-1889.735352,2342.412842,1240.260132,-1835.195068,,,,,,,,,,2242.560303,1407.755005,-1815.901733,,,,,,,,,,,,,,,,,,,,,
47,0.391667,0.000125,-0.000086,-0.000274,1.000000,2306.820312,1287.677979,-1941.334351,2352.528809,1312.956909,-2099.012207,2225.516113,1309.764282,-1889.716675,2342.416504,1240.313232,-1835.273926,2352.507080,1312.978394,-2099.051514,2225.543945,1309.763062,-1889.756348,2342.410156,1240.292236,-1835.192871,,,,,,,,,,,,,,,,,,,,,,,,,,,,,,,,,
48,0.400000,0.000209,-0.000060,-0.000279,1.000000,2306.815186,1287.660156,-1941.334839,2352.515381,1312.965332,-2099.010742,2225.513672,1309.738525,-1889.709106,2342.416260,1240.276978,-1835.284302,2352.513916,1312.990356,-2099.093994,2225.528076,1309.732788,-1889.712402,2342.402344,1240.257812,-1835.197754,,,,,,,,,,,,,,,,,,,,,,,,,,,,,,,,,
49,0.408333,0.000091,-0.000046,-0.000272,1.000000,2306.827881,1287.675171,-1941.339355,2352.523682,1312.943726,-2099.022705,2225.527588,1309.764648,-1889.716675,2342.432617,1240.317505,-1835.278809,2352.511719,1312.961670,-2099.065430,2225.542725,1309.764160,-1889.739258,2342.428711,1240.299316,-1835.211304,,,,,,,,,,,,,,,,,,,,,,,,,,,,,,,,,
50,0.416667,0.000140,-0.000004,-0.000377,1.000000,2306.827637,1287.663086,-1941.335327,2352.515137,1312.937256,-2099.020020,2225.536133,1309.764648,-1889.703491,2342.431396,1240.287720,-1835.282349,2352.486816,1312.958740,-2099.048096,2225.571533,1309.763428,-1889.755371,2342.425049,1240.266479,-1835.200439,,,,,,,,,,,,,,,,,,,,,,,,,,,,,,,,,
51,0.425000,0.000133,0.000011,-0.000347,1.000000,2306.817871,1287.663208,-1941.351074,2352.499268,1312.938232,-2099.037109,2225.526611,1309.760498,-1889.717163,2342.427490,1240.291382,-1835.298462,2352.490967,1312.952148,-2099.072266,2225.548828,1309.753540,-1889.728882,2342.413330,1240.283936,-1835.251831,,,,,,,,,,,,,,,,,,,,,,,,,,,,,,,,,
52,0.433333,0.000022,-0.000026,-0.000122,1.000000,2306.825439,1287.686279,-1941.354370,2352.507324,1312.946533,-2099.042969,2225.520264,1309.758423,-1889.731567,2342.448486,1240.354004,-1835.288574,2352.493408,1312.956787,-2099.056396,2225.537842,1309.757446,-1889.755981,2342.444824,1240.344360,-1835.250488,,,,,,,,,,,,,,,,,,,,,,,,,,,,,,,,,
53,0.441667,0.000027,0.000030,-0.000114,1.000000,2306.820801,1287.678833,-1941.355591,2352.484619,1312.941528,-2099.048828,2225.521240,1309.749268,-1889.723267,2342.456543,1240.346069,-1835.294189,2352.470703,1312.944214,-2099.035889,2225.542725,1309.745483,-1889.743896,2342.449463,1240.347168,-1835.286865,,,,,,,,,,,,,,,,,,,,,,,,,,,,,,,,,
54,0.450000,-0.000060,0.000053,-0.000132,1.000000,2306.827637,1287.672974,-1941.361572,2352.484863,1312.906616,-2099.061523,2225.531006,1309.755249,-1889.729492,2342.466309,1240.357422,-1835.293701,2352.468994,1312.905884,-2099.033691,2225.553711,1309.751831,-1889.753052,2342.460205,1240.361450,-1835.297974,,,,,,,,,,,,,,,,,,,,,,,,,,,,,,,,,
55,0.458333,-0.000050,0.000042,-0.000195,1.000000,2306.834473,1287.696655,-1941.375366,2352.498291,1312.927734,-2099.073730,2225.540039,1309.787964,-1889.744507,2342.465088,1240.374390,-1835.307739,2352.490967,1312.926270,-2099.057129,2225.548340,1309.787354,-1889.755737,2342.463867,1240.376587,-1835.313232,,,,,,,,,,,,,2241.101562,1410.864380,-1817.604492,,,,,,,,,,,,,,,,,,
56,0.466667,0.000042,0.000019,-0.000160,1.000000,2306.848877,1287.691772,-1941.376099,2352.518311,1312.954956,-2099.067627,2225.550293,1309.767944,-1889.744873,2342.477783,1240.352539,-1835.315430,2352.507568,1312.958862,-2099.064453,2225.560547,1309.768677,-1889.763916,2342.478027,1240.347900,-1835.300049,,,,,,,,,,,,,2241.441650,1410.140137,-1817.009766,,,,,,,,,,,,,,,,,,
57,0.475000,0.000176,-0.000047,-0.000332,1.000000,2306.842529,1287.671753,-1941.366577,2352.541504,1312.961548,-2099.045166,2225.544922,1309.762207,-1889.740112,2342.441406,1240.291992,-1835.313965,2352.531250,1312.978638,-2099.087402,2225.544922,1309.769653,-1889.766235,2342.451660,1240.266602,-1835.243652,,,,,,,,,,,,,2241.747559,1409.488281,-1816.474731,,,,,,,,,,,,,,,,,,
58,0.483333,0.000136,-0.000053,-0.000416,1.000000,2306.832275,1287.678101,-1941.366943,2352.537354,1312.947632,-2099.047119,2225.537598,1309.786255,-1889.743286,2342.422119,1240.300781,-1835.309937,2352.516602,1312.963623,-2099.069092,2225.541992,1309.797974,-1889.790771,2342.438965,1240.272095,-1835.238647,,,,,,,,,,,,,2242.022705,1408.901855,-1815.993042,,,,,,,,,,,,,,,,,,
59,0.491667,0.000164,-0.000070,-0.000381,1.000000,2306.836670,1287.667236,-1941.357666,2352.545166,1312.948853,-2099.034912,2225.538574,1309.766724,-1889.735596,2342.425781,1240.286499,-1835.302124,2352.527832,1312.962769,-2099.055664,2225.545898,1309.774414,-1889.773560,2342.436279,1240.264038,-1835.242065,,,,,,,,,,,,,,,,,,,,,,,,,,,,,,,,,
60,0.500000,0.000176,-0.000065,-0.000526,1.000000,2306.827393,1287.645142,-1941.357178,2352.541748,1312.917114,-2099.034424,2225.536377,1309.766968,-1889.733643,2342.403809,1240.251465,-1835.303223,2352.526123,1312.937622,-2099.080322,2225.546631,1309.771973,-1889.767212,2342.409424,1240.224854,-1835.220947,,,,,,,,,,,,,,,,,,,,,,,,,,,,,,,,,
61,0.508333,0.000216,-0.000065,-0.000705,1.000000,2306.822754,1287.613037,-1941.347900,2352.546387,1312.881226,-2099.023193,2225.539795,1309.760010,-1889.722778,2342.382324,1240.198120,-1835.297729,2352.528809,1312.904175,-2099.073730,2225.544434,1309.769775,-1889.763794,2342.395508,1240.164062,-1835.202148,,,,,,,,,,,,,,,,,,,,,,,,,,,,,,,,,
62,0.516667,0.000169,-0.000040,-0.000657,1.000000,2306.824219,1287.599731,-1941.341431,2352.537354,1312.857544,-2099.021240,2225.541504,1309.743774,-1889.714233,2342.393555,1240.198120,-1835.288574,2352.521484,1312.881226,-2099.076904,2225.546143,1309.752808,-1889.752686,2342.405518,1240.163818,-1835.190186,,,,,,,,,,,,,,,,,,,,,,,,,,,,,,,,,
63,0.525000,0.000025,0.000116,-0.000583,1.000000,2306.795166,1287.607544,-1941.363525,2352.455322,1312.826782,-2099.064941,2225.525391,1309.754395,-1889.717407,2342.404541,1240.241821,-1835.308228,2352.440186,1312.846191,-2099.106934,2225.526367,1309.764771,-1889.754517,2342.419189,1240.211060,-1835.225708,,,,,,,,,,,,,,,,,,,,,,,,,,,,,,,,,
64,0.533333,-0.000067,0.000010,-0.000541,1.000000,2306.812500,1287.634155,-1941.377441,2352.504150,1312.828125,-2099.073730,2225.530029,1309.783569,-1889.752686,2342.403564,1240.291016,-1835.305664,2352.490479,1312.839722,-2099.091797,2225.539307,1309.787476,-1889.780884,2342.407959,1240.275146,-1835.258545,,,,,,,,,,,,,,,,,,,,,,,,,,,,,,,,,
65,0.541667,-0.000083,0.000110,-0.000331,1.000000,2306.800293,1287.664917,-1941.394531,2352.449707,1312.873047,-2099.100830,2225.518799,1309.781860,-1889.754028,2342.432617,1240.339966,-1835.328613,2352.436523,1312.888794,-2099.133545,2225.548584,1309.773804,-1889.773071,2342.415771,1240.332275,-1835.276489,,,,,,,,,,,,,,,,,,,,,,,,,,,,,,,,,
66,0.550000,-0.000140,0.000159,-0.000260,1.000000,2306.789795,1287.709351,-1941.404541,2352.420166,1312.906006,-2099.118164,2225.510010,1309.820801,-1889.758667,2342.439209,1240.401611,-1835.336670,2352.408691,1312.921631,-2099.154541,2225.548584,1309.806274,-1889.769775,2342.412109,1240.400024,-1835.289185,,,,,,,,,,,,,,,,,,,,,,,,,,,,,,,,,
67,0.558333,-0.000001,0.000017,-0.000198,1.000000,2306.837891,1287.714966,-1941.378296,2352.509766,1312.961182,-2099.071777,2225.540527,1309.801758,-1889.749268,2342.463135,1240.382080,-1835.313477,2352.494629,1312.967285,-2099.069824,2225.568115,1309.795288,-1889.770020,2342.450439,1240.382324,-1835.295166,,,,,,,,,,,,,,,,2241.093018,1410.904541,-1817.650757,,,,,,,,,,,,,,,
68,0.566667,0.000078,0.000096,-0.000249,1.000000,2306.814209,1287.711060,-1941.403320,2352.463623,1312.977539,-2099.100098,2225.527588,1309.797974,-1889.757935,2342.451416,1240.357910,-1835.351440,2352.455566,1312.991211,-2099.134277,2225.565186,1309.781738,-1889.762085,2342.421875,1240.360107,-1835.313354,,,,,,,,,,,,,,,,2240.974609,1411.362793,-1817.436279,,,,,,,,,,,,,,,
69,0.575000,0.000106,-0.000042,-0.000255,1.000000,2306.843506,1287.688477,-1941.387573,2352.536865,1312.963257,-2099.070312,2225.542725,1309.773682,-1889.763428,2342.450684,1240.328857,-1835.328613,2352.534424,1312.971069,-2099.093018,2225.554932,1309.768677,-1889.765137,2342.440918,1240.326294,-1835.304321,,,,,,,,,,,,,,,,2240.868164,1411.775146,-1817.243286,,,,,,,,,,,,,,,
70,0.583333,0.000245,-0.000018,-0.000241,1.000000,2306.836914,1287.677856,-1941.362915,2352.522217,1312.997559,-2099.040771,2225.538086,1309.746338,-1889.728882,2342.450439,1240.289917,-1835.318726,2352.525146,1313.003662,-2099.066162,2225.535645,1309.746338,-1889.725098,2342.449463,1240.284058,-1835.297485,,,,,,,,,,,,,,,,2240.772217,1412.146118,-1817.069702,,,,,,,,,,,,,,,
71,0.591667,0.000203,-0.000015,-0.000418,1.000000,2306.827637,1287.649536,-1941.339233,2352.520752,1312.939941,-2099.019531,2225.536865,1309.751099,-1889.706543,2342.424805,1240.257690,-1835.291382,2352.523193,1312.949829,-2099.056396,2225.534912,1309.751587,-1889.705688,2342.424561,1240.247437,-1835.255737,,,,,,,,,,,,,,,,,,,,,,,,,,,,,,,,,
72,0.600000,0.000011,-0.000036,-0.000426,1.000000,2306.824707,1287.636841,-1941.324585,2352.524902,1312.865967,-2099.012695,2225.531982,1309.759644,-1889.703857,2342.416748,1240.285400,-1835.257080,2352.512939,1312.879761,-2099.041016,2225.538818,1309.764282,-1889.730225,2342.422363,1240.266479,-1835.200928,,,,,,,,,,,,,,,,,,,,,,,,,,,,,,,,,
73,0.608333,0.000001,-0.000000,-0.000439,1.000000,2306.814941,1287.640381,-1941.322388,2352.504395,1312.865234,-2099.014160,2225.526855,1309.766113,-1889.696289,2342.413330,1240.289917,-1835.256592,2352.489258,1312.877319,-2099.031250,2225.532715,1309.773315,-1889.729736,2342.423340,1240.270386,-1835.204956,,,,,,,,,,,,,,,,,,,,,,,,,,,,,,,,,
74,0.616667,0.000047,-0.000022,-0.000352,1.000000,2306.820068,1287.635986,-1941.320557,2352.512207,1312.883179,-2099.008057,2225.525879,1309.743164,-1889.695801,2342.422363,1240.282227,-1835.257446,2352.496094,1312.888672,-2099.002197,2225.533936,1309.748779,-1889.727905,2342.430420,1240.270874,-1835.231567,,,,,,,,,,,,,,,,,,,,,,,,,,,,,,,,,
75,0.625000,0.000080,0.000005,-0.000317,1.000000,2306.832031,1287.653320,-1941.347656,2352.513916,1312.914307,-2099.035889,2225.539062,1309.751221,-1889.717041,2342.443115,1240.294800,-1835.289429,2352.500977,1312.919556,-2099.033447,2225.548584,1309.754395,-1889.742554,2342.447510,1240.286255,-1835.267090,,,,,,,,,,,,,,,,,,,,,,,,,,,,,,,,,
76,0.633333,0.000175,-0.000018,-0.000344,1.000000,2306.840088,1287.663330,-1941.349365,2352.530762,1312.951660,-2099.031006,2225.545898,1309.755981,-1889.718384,2342.443848,1240.282715,-1835.298706,2352.513916,1312.961426,-2099.038330,2225.553467,1309.762451,-1889.753418,2342.452881,1240.265991,-1835.255737,,,,,,,,,,,,,,,,,,,,,,,,,,,,,,,,,
77,0.641667,0.000142,-0.000002,-0.000321,1.000000,2306.846924,1287.653198,-1941.323853,2352.531250,1312.933350,-2099.008545,2225.553223,1309.745361,-1889.691650,2342.456299,1240.281250,-1835.271240,2352.511719,1312.943970,-2099.014160,2225.563965,1309.751953,-1889.731689,2342.465088,1240.263550,-1835.225098,,,,,,,,,,,,,,,,,,,,,,,,,,,,,,,,,
78,0.650000,0.000024,0.000005,-0.000278,1.000000,2306.848389,1287.667236,-1941.319214,2352.528076,1312.914062,-2099.010498,2225.553467,1309.764648,-1889.691162,2342.463135,1240.323486,-1835.255859,2352.514160,1312.919189,-2099.006592,2225.554932,1309.772583,-1889.721191,2342.475586,1240.310181,-1835.229492,,,,,,,,,,,,,,,,,,,,,,,,,,,,,,,,,
79,0.658333,0.000129,0.000046,-0.000299,1.000000,2306.838623,1287.648926,-1941.327026,2352.506592,1312.926880,-2099.016602,2225.548828,1309.738892,-1889.687622,2342.460205,1240.281372,-1835.276489,2352.497314,1312.934082,-2099.025879,2225.542480,1309.749146,-1889.712769,2342.476318,1240.263550,-1835.241455,,,,,,,,,,,,,,,,,,,2241.102295,1410.899048,-1817.628784,,,,,,,,,,,,
80,0.666667,0.000029,0.000009,-0.000356,1.000000,2306.845215,1287.630737,-1941.343750,2352.527588,1312.872070,-2099.035156,2225.554199,1309.740234,-1889.714722,2342.453613,1240.280396,-1835.281250,2352.531494,1312.867432,-2099.025391,2225.528076,1309.752808,-1889.717041,2342.475830,1240.272461,-1835.288940,,,,,,,,,,,,,,,,,,,2241.447021,1410.141113,-1817.006958,,,,,,,,,,,,
81,0.675000,0.000081,0.000019,-0.000439,1.000000,2306.842773,1287.620972,-1941.344116,2352.526123,1312.871216,-2099.033936,2225.556641,1309.738647,-1889.711304,2342.445557,1240.253540,-1835.287231,2352.518555,1312.872437,-2099.026367,2225.540039,1309.753174,-1889.735718,2342.469727,1240.237427,-1835.270508,,,,,,,,,,,,,,,,,,,2241.757080,1409.458984,-1816.447388,,,,,,,,,,,,
82,0.683333,0.000103,0.000013,-0.000511,1.000000,2306.846191,1287.617920,-1941.336060,2352.535156,1312.868408,-2099.024170,2225.562500,1309.744995,-1889.703125,2342.440918,1240.240723,-1835.280762,2352.520996,1312.876831,-2099.030273,2225.561035,1309.755737,-1889.737427,2342.457275,1240.221069,-1835.239624,,,,,,,,,,,,,,,,,,,2242.036133,1408.845093,-1815.943848,,,,,,,,,,,,
83,0.691667,0.000117,-0.000027,-0.000513,1.000000,2306.849854,1287.614868,-1941.320190,2352.552002,1312.869507,-2099.003906,2225.562012,1309.740723,-1889.693237,2342.435791,1240.234497,-1835.263428,2352.539307,1312.880615,-2099.022949,2225.548584,1309.757568,-1889.729614,2342.462891,1240.205444,-1835.206421,,,,,,,,,,,,,,,,,,,,,,,,,,,,,,,,,
84,0.700000,0.000252,-0.000038,-0.000714,1.000000,2306.828613,1287.609375,-1941.317749,2352.543945,1312.888062,-2098.993896,2225.548584,1309.754028,-1889.686523,2342.393066,1240.186157,-1835.272949,2352.538818,1312.901733,-2099.033203,2225.529297,1309.769653,-1889.709717,2342.417969,1240.155640,-1835.208130,,,,,,,,,,,,,,,,,,,,,,,,,,,,,,,,,
85,0.708333,0.000240,-0.000016,-0.000676,1.000000,2306.843506,1287.615601,-1941.333252,2352.550049,1312.894165,-2099.011719,2225.563965,1309.755371,-1889.699097,2342.416260,1240.197632,-1835.288940,2352.533447,1312.904907,-2099.022217,2225.554932,1309.772461,-1889.742920,2342.443115,1240.168945,-1835.233154,,,,,,,,,,,,,,,,,,,,,,,,,,,,,,,,,
86,0.716667,0.000104,-0.000057,-0.000526,1.000000,2306.844238,1287.644165,-1941.317261,2352.556152,1312.893555,-2098.998779,2225.553955,1309.773560,-1889.695923,2342.422363,1240.265625,-1835.257080,2352.518311,1312.905151,-2098.979248,2225.565186,1309.792358,-1889.777710,2342.450439,1240.234985,-1835.196289,,,,,,,,,,,,,,,,,,,,,,,,,,,,,,,,,
87,0.725000,0.000049,-0.000029,-0.000438,1.000000,2306.832520,1287.651367,-1941.330322,2352.531250,1312.891602,-2099.017090,2225.541260,1309.772095,-1889.706665,2342.425049,1240.290894,-1835.266968,2352.497559,1312.901489,-2098.998291,2225.566406,1309.779785,-1889.771484,2342.434570,1240.273438,-1835.222900,,,,,,,,,,,,,,,,,,,,,,,,,,,,,,,,,
88,0.733333,0.000031,0.000004,-0.000271,1.000000,2306.835449,1287.652588,-1941.337891,2352.515137,1312.902466,-2099.028564,2225.540039,1309.747925,-1889.709717,2342.450928,1240.307861,-1835.275146,2352.497803,1312.910278,-2099.028564,2225.556396,1309.750000,-1889.742432,2342.452393,1240.297729,-1835.243164,,,,,,,,,,,,,,,,,,,,,,,,,,,,,,,,,
89,0.741667,-0.000026,0.000002,-0.000158,1.000000,2306.836914,1287.697510,-1941.355225,2352.511719,1312.939453,-2099.048584,2225.536377,1309.780518,-1889.729858,2342.462646,1240.373047,-1835.286865,2352.493408,1312.941895,-2099.028320,2225.556396,1309.780029,-1889.760132,2342.460693,1240.370972,-1835.277588,,,,,,,,,,,,,,,,,,,,,,,,,,,,,,,,,
90,0.750000,-0.000002,0.000032,-0.000213,1.000000,2306.837402,1287.687500,-1941.346191,2352.505371,1312.932129,-2099.041260,2225.542236,1309.776855,-1889.714966,2342.464111,1240.353882,-1835.282227,2352.486816,1312.936157,-2099.025391,2225.549561,1309.784912,-1889.753296,2342.476074,1240.341919,-1835.260132,,,,,,,,,,,,,,,,,,,,,,,,,,,,,,,,,
91,0.758333,-0.000075,0.000035,-0.000109,1.000000,2306.832031,1287.687134,-1941.342407,2352.493896,1312.918091,-2099.041260,2225.532959,1309.767334,-1889.713745,2342.469238,1240.376465,-1835.271729,2352.491455,1312.913940,-2099.022705,2225.540039,1309.764404,-1889.714966,2342.464600,1240.383789,-1835.289551,,,,,,,,,,,,,,,,,,,,,,2241.085693,1410.852295,-1817.598999,,,,,,,,,
92,0.766667,0.000050,0.000049,-0.000233,1.000000,2306.832275,1287.700684,-1941.357910,2352.495850,1312.959839,-2099.052002,2225.540039,1309.787964,-1889.721558,2342.460938,1240.354492,-1835.300171,2352.494141,1312.963013,-2099.060547,2225.538574,1309.790283,-1889.727173,2342.464355,1240.348633,-1835.286011,,,,,,,,,,,,,,,,,,,,,,2241.441162,1410.098389,-1816.972778,,,,,,,,,
93,0.775000,0.000032,0.000013,-0.000213,1.000000,2306.845703,1287.723022,-1941.345215,2352.519531,1312.978271,-2099.036865,2225.548828,1309.808960,-1889.715454,2342.468506,1240.382324,-1835.283203,2352.506348,1312.985840,-2099.042236,2225.560547,1309.811157,-1889.740845,2342.470459,1240.372437,-1835.252441,,,,,,,,,,,,,,,,,,,,,,2241.761475,1409.420044,-1816.408936,,,,,,,,,
94,0.783333,0.000061,0.000001,-0.000132,1.000000,2306.843994,1287.736206,-1941.337402,2352.517822,1313.007935,-2099.026367,2225.542236,1309.805908,-1889.708252,2342.471924,1240.394897,-1835.277222,2352.506348,1313.014404,-2099.030029,2225.564209,1309.800903,-1889.724854,2342.462402,1240.393677,-1835.256958,,,,,,,,,,,,,,,,,,,,,,2242.049561,1408.809448,-1815.901733,,,,,,,,,
95,0.791667,0.000033,-0.000002,-0.000013,1.000000,2306.838867,1287.744019,-1941.347168,2352.507568,1313.017944,-2099.037109,2225.531738,1309.797363,-1889.719849,2342.477539,1240.417114,-1835.284058,2352.494385,1313.020386,-2099.024902,2225.554443,1309.792114,-1889.737793,2342.468018,1240.419922,-1835.278564,,,,,,,,,,,,,,,,,,,,,,,,,,,,,,,,,
96,0.800000,-0.000014,-0.000031,-0.000125,1.000000,2306.845459,1287.711304,-1941.355225,2352.529053,1312.960083,-2099.044922,2225.540039,1309.787598,-1889.734741,2342.467041,1240.386475,-1835.285645,2352.517822,1312.964722,-2099.043701,2225.557373,1309.784912,-1889.752441,2342.461670,1240.384277,-1835.269775,,,,,,,,,,,,,,,,,,,,,,,,,,,,,,,,,
97,0.808333,0.000084,-0.000013,-0.000129,1.000000,2306.841553,1287.698730,-1941.346680,2352.519531,1312.978149,-2099.033203,2225.538574,1309.765625,-1889.718750,2342.466797,1240.352783,-1835.287720,2352.510010,1312.989014,-2099.055664,2225.547607,1309.766602,-1889.737061,2342.466553,1240.340820,-1835.246338,,,,,,,,,,,,,,,,,,,,,,,,,,,,,,,,,
98,0.816667,0.000156,-0.000072,-0.000126,1.000000,2306.857666,1287.689331,-1941.347534,2352.554199,1312.991577,-2099.024902,2225.548340,1309.748413,-1889.726074,2342.470703,1240.328369,-1835.291138,2352.550781,1313.010132,-2099.082520,2225.550781,1309.750488,-1889.736938,2342.471436,1240.307739,-1835.221924,,,,,,,,,,,,,,,,,,,,,,,,,,,,,,,,,
99,0.825000,0.000197,-0.000171,-0.000179,1.000000,2306.866943,1287.688599,-1941.368164,2352.597168,1312.998901,-2099.034668,2225.549561,1309.751953,-1889.760986,2342.453857,1240.315308,-1835.308594,2352.605957,1313.016479,-2099.108154,2225.547363,1309.749756,-1889.750000,2342.448242,1240.299927,-1835.247559,,,,,,,,,,,,,,,,,,,,,,,,,,,,,,,,,
100,0.833333,0.000146,-0.000176,-0.000066,1.000000,2306.857178,1287.708374,-1941.385254,2352.583252,1313.013062,-2099.053955,2225.534180,1309.758667,-1889.781250,2342.453613,1240.353760,-1835.320557,2352.597412,1313.030640,-2099.136230,2225.523682,1309.757812,-1889.762207,2342.450439,1240.337524,-1835.260010,,,,,,,,,,,,,,,,,,,,,,,,,,,,,,,,,
101,0.841667,0.000194,-0.000126,-0.000263,1.000000,2306.838867,1287.678345,-1941.361694,2352.559082,1312.980225,-2099.032471,2225.530029,1309.755737,-1889.747314,2342.427490,1240.299438,-1835.305054,2352.556152,1313.006104,-2099.116455,2225.529053,1309.760254,-1889.760864,2342.431885,1240.268066,-1835.205078,,,,,,,,,,,,,,,,,,,,,,,,,,,,,,,,,
102,0.850000,0.000132,-0.000057,-0.000301,1.000000,2306.832031,1287.681396,-1941.354736,2352.532471,1312.960205,-2099.034912,2225.531738,1309.771240,-1889.731934,2342.431885,1240.313110,-1835.297241,2352.517090,1312.982300,-2099.086426,2225.545898,1309.773926,-1889.763550,2342.432617,1240.287354,-1835.211060,,,,,,,,,,,,,,,,,,,,,,,,,,,,,,,,,
103,0.858333,0.000078,-0.000004,-0.000256,1.000000,2306.827637,1287.679932,-1941.326660,2352.509277,1312.945679,-2099.014160,2225.530762,1309.768066,-1889.697632,2342.442627,1240.326172,-1835.267822,2352.489746,1312.958496,-2099.026855,2225.550781,1309.769653,-1889.734009,2342.442627,1240.311646,-1835.218018,,,,,,,,,,,,,,,,,,,,,,,,,2241.093262,1410.874390,-1817.583984,,,,,,
104,0.866667,0.000073,0.000038,-0.000320,1.000000,2306.823975,1287.668945,-1941.328857,2352.495361,1312.927246,-2099.020752,2225.534424,1309.768066,-1889.693237,2342.442139,1240.311890,-1835.272461,2352.481445,1312.933594,-2099.020508,2225.543701,1309.771729,-1889.721069,2342.446777,1240.301392,-1835.244995,,,,,,,,,,,,,,,,,,,,,,,,,2241.439453,1410.136108,-1816.960815,,,,,,
105,0.875000,0.000098,0.000025,-0.000356,1.000000,2306.827393,1287.657715,-1941.320190,2352.504883,1312.920776,-2099.009521,2225.538086,1309.760132,-1889.685669,2342.439209,1240.292603,-1835.265259,2352.486328,1312.927124,-2099.002197,2225.538574,1309.771851,-1889.727295,2342.457520,1240.274048,-1835.231079,,,,,,,,,,,,,,,,,,,,,,,,,2241.750977,1409.471680,-1816.399780,,,,,,
106,0.883333,-0.000138,0.000180,-0.000230,1.000000,2306.799072,1287.665649,-1941.336182,2352.421631,1312.865723,-2099.051514,2225.520264,1309.771851,-1889.686768,2342.455566,1240.359497,-1835.269897,2352.406006,1312.877319,-2099.066406,2225.531006,1309.776001,-1889.718628,2342.460693,1240.343384,-1835.222412,,,,,,,,,,,,,,,,,,,,,,,,,2242.031494,1408.873657,-1815.895020,,,,,,
107,0.891667,-0.000160,0.000060,-0.000177,1.000000,2306.813721,1287.685303,-1941.345337,2352.471191,1312.883179,-2099.051025,2225.520020,1309.785156,-1889.716431,2342.449951,1240.387817,-1835.268555,2352.468262,1312.889404,-2099.068115,2225.527588,1309.782715,-1889.720215,2342.445068,1240.383789,-1835.247192,,,,,,,,,,,,,,,,,,,,,,,,,,,,,,,,,
108,0.900000,-0.000069,0.000017,-0.000018,1.000000,2306.818848,1287.703125,-1941.329224,2352.481934,1312.944580,-2099.026123,2225.513916,1309.767700,-1889.703247,2342.461182,1240.397461,-1835.258057,2352.483398,1312.952393,-2099.056152,2225.519043,1309.764282,-1889.699585,2342.454102,1240.392944,-1835.231934,,,,,,,,,,,,,,,,,,,,,,,,,,,,,,,,,
109,0.908333,0.000003,-0.000024,-0.000204,1.000000,2306.837891,1287.720337,-1941.339844,2352.523193,1312.967285,-2099.029541,2225.536865,1309.807739,-1889.717285,2342.453613,1240.386230,-1835.272461,2352.509033,1312.975464,-2099.035156,2225.550781,1309.808716,-1889.743286,2342.453613,1240.377075,-1835.241089,,,,,,,,,,,,,,,,,,,,,,,,,,,,,,,,,
110,0.916667,0.000039,-0.000066,-0.000168,1.000000,2306.831787,1287.717163,-1941.340210,2352.528564,1312.978638,-2099.024414,2225.524902,1309.795288,-1889.723022,2342.442139,1240.378174,-1835.273193,2352.517578,1312.992920,-2099.055908,2225.550293,1309.787842,-1889.738281,2342.427002,1240.371094,-1835.225586,,,,,,,,,,,,,,,,,,,,,,,,,,,,,,,,,
111,0.925000,-0.000088,0.000071,-0.000117,1.000000,2306.808350,1287.699707,-1941.359863,2352.459229,1312.925659,-2099.062988,2225.513184,1309.782471,-1889.726074,2342.452637,1240.391113,-1835.290527,2352.443359,1312.945557,-2099.106934,2225.540039,1309.777588,-1889.751831,2342.440430,1240.375488,-1835.218994,,,,,,,,,,,,,,,,,,,,,,,,,,,,,,,,,
112,0.933333,-0.000078,-0.000012,-0.000290,1.000000,2306.812744,1287.683472,-1941.336792,2352.498779,1312.896973,-2099.031494,2225.516602,1309.793213,-1889.716064,2342.422852,1240.360596,-1835.262451,2352.484863,1312.904785,-2099.036865,2225.527588,1309.796143,-1889.742798,2342.426025,1240.349731,-1835.230347,,,,,,,,,,,,,,,,,,,,,,,,,,,,,,,,,
113,0.941667,-0.000001,0.000104,-0.000448,1.000000,2306.795166,1287.673462,-1941.348633,2352.452637,1312.897095,-2099.050049,2225.518066,1309.800903,-1889.705688,2342.414795,1240.322876,-1835.289917,2352.423584,1312.914551,-2099.065186,2225.545410,1309.804443,-1889.760376,2342.416748,1240.301392,-1835.219727,,,,,,,,,,,,,,,,,,,,,,,,,,,,,,,,,
114,0.950000,0.000041,-0.000038,-0.000377,1.000000,2306.821045,1287.644897,-1941.329834,2352.519775,1312.888062,-2099.016113,2225.526123,1309.756470,-1889.708008,2342.417480,1240.290405,-1835.265015,2352.488770,1312.906860,-2099.031738,2225.555664,1309.760498,-1889.767456,2342.420166,1240.267090,-1835.189087,,,,,,,,,,,,,,,,,,,,,,,,,,,,,,,,,
115,0.958333,0.000052,0.000090,-0.000341,1.000000,2306.802246,1287.669067,-1941.347778,2352.458740,1312.918945,-2099.045166,2225.519043,1309.773804,-1889.704712,2342.429199,1240.314697,-1835.293213,2352.432373,1312.949219,-2099.108154,2225.538574,1309.780762,-1889.758911,2342.435791,1240.275757,-1835.170044,,,,,,,,,,,,,,,,,,,,,,,,,,,,2241.106201,1410.879028,-1817.619629,,,
116,0.966667,-0.000017,0.000081,-0.000351,1.000000,2306.798340,1287.663208,-1941.343384,2352.458252,1312.890259,-2099.043701,2225.514648,1309.776733,-1889.704956,2342.422363,1240.322998,-1835.281494,2352.441162,1312.915527,-2099.103271,2225.539062,1309.775024,-1889.736572,2342.414795,1240.298828,-1835.187012,,,,,,,,,,,,,,,,,,,,,,,,,,,,2240.991699,1411.345825,-1817.404175,,,
117,0.975000,0.000046,-0.000020,-0.000351,1.000000,2306.828857,1287.674316,-1941.340454,2352.520264,1312.921387,-2099.028320,2225.534424,1309.781250,-1889.715454,2342.431641,1240.320679,-1835.277344,2352.497314,1312.935913,-2099.042236,2225.554199,1309.785278,-1889.760254,2342.435303,1240.301514,-1835.218140,,,,,,,,,,,,,,,,,,,,,,,,,,,,2240.888428,1411.766113,-1817.210083,,,
118,0.983333,0.000100,-0.000030,-0.000257,1.000000,2306.831055,1287.703857,-1941.340576,2352.520996,1312.976440,-2099.024658,2225.531738,1309.790039,-1889.714844,2342.440674,1240.345459,-1835.281860,2352.501465,1312.993042,-2099.051270,2225.560547,1309.786377,-1889.747559,2342.430908,1240.332153,-1835.221558,,,,,,,,,,,,,,,,,,,,,,,,,,,,2240.795654,1412.144165,-1817.035400,,,
119,0.991667,0.000092,-0.000062,-0.000231,1.000000,2306.839600,1287.698242,-1941.334106,2352.538330,1312.970703,-2099.015625,2225.535889,1309.781006,-1889.713867,2342.444824,1240.343506,-1835.272461,2352.521729,1312.989990,-2099.055664,2225.551025,1309.783447,-1889.746948,2342.445557,1240.320923,-1835.197388,,,,,,,,,,,,,,,,,,,,,,,,,,,,,,,,,
120,1.000000,0.000015,-0.000061,-0.000252,1.000000,2306.831543,1287.692749,-1941.328979,2352.530762,1312.939209,-2099.014648,2225.529053,1309.786743,-1889.712036,2342.435059,1240.352783,-1835.260132,2352.518066,1312.956177,-2099.052734,2225.541016,1309.788574,-1889.737915,2342.435547,1240.333374,-1835.194580,,,,,,,,,,,,,,,,,,,,,,,,,,,,,,,,,
121,1.008333,0.000043,-0.000048,-0.000314,1.000000,2306.842041,1287.688110,-1941.329468,2352.540527,1312.937622,-2099.014648,2225.543213,1309.789307,-1889.709229,2342.442383,1240.337769,-1835.264038,2352.521240,1312.955811,-2099.046875,2225.566406,1309.788940,-1889.744873,2342.438232,1240.319092,-1835.194946,,,,,,,,,,,,,,,,,,,,,,,,,,,,,,,,,
122,1.016667,0.000169,-0.000019,-0.000492,1.000000,2306.833008,1287.676270,-1941.323730,2352.531250,1312.949097,-2099.005371,2225.545166,1309.793335,-1889.693115,2342.422607,1240.286499,-1835.272461,2352.503906,1312.968750,-2099.030518,2225.558838,1309.804199,-1889.751343,2342.437256,1240.254761,-1835.186768,,,,,,,,,,,,,,,,,,,,,,,,,,,,,,,,,
123,1.025000,0.000091,0.000020,-0.000557,1.000000,2306.841553,1287.654541,-1941.325317,2352.530762,1312.897095,-2099.014404,2225.560547,1309.790161,-1889.691772,2342.433350,1240.276611,-1835.269409,2352.507080,1312.914673,-2099.038086,2225.560059,1309.806885,-1889.748535,2342.458740,1240.240479,-1835.186646,,,,,,,,,,,,,,,,,,,,,,,,,,,,,,,,,
124,1.033333,0.000163,0.000023,-0.000681,1.000000,2306.836426,1287.632690,-1941.322998,2352.530762,1312.886597,-2099.009033,2225.561279,1309.781250,-1889.685913,2342.416992,1240.230713,-1835.274170,2352.511963,1312.905884,-2099.045654,2225.546875,1309.803101,-1889.738525,2342.451904,1240.187012,-1835.180054,,,,,,,,,,,,,,,,,,,,,,,,,,,,,,,,,
125,1.041667,0.000212,-0.000015,-0.000630,1.000000,2306.836670,1287.640259,-1941.342529,2352.540527,1312.914307,-2099.022461,2225.555420,1309.775391,-1889.709351,2342.413818,1240.231445,-1835.295532,2352.532715,1312.925537,-2099.048584,2225.536133,1309.792725,-1889.738525,2342.442139,1240.201660,-1835.238159,,,,,,,,,,,,,,,,,,,,,,,,,,,,,,,,,
126,1.050000,0.000156,0.000033,-0.000456,1.000000,2306.861816,1287.660034,-1941.349121,2352.541992,1312.932129,-2099.036133,2225.577881,1309.772583,-1889.710693,2342.465820,1240.275513,-1835.300293,2352.524170,1312.943848,-2099.048340,2225.561523,1309.794800,-1889.760620,2342.501465,1240.240723,-1835.236938,,,,,,,,,,,,,,,,,,,,,,,,,,,,,,,,,
127,1.058333,0.000093,0.000045,-0.000375,1.000000,2306.860107,1287.689453,-1941.345581,2352.532227,1312.949097,-2099.036865,2225.573730,1309.795410,-1889.707886,2342.474365,1240.324097,-1835.291626,2352.516357,1312.956543,-2099.037842,2225.572754,1309.806885,-1889.745483,2342.492432,1240.304810,-1835.253296,,,,,,,,,,,,,,,,,,,,,,,,,,,,,,,2241.093994,1410.862427,-1817.605713
128,1.066667,0.000007,0.000076,-0.000328,1.000000,2306.865234,1287.684814,-1941.360107,2352.524902,1312.921631,-2099.058594,2225.580078,1309.791992,-1889.721191,2342.490723,1240.341064,-1835.300171,2352.510010,1312.925903,-2099.049805,2225.572998,1309.805908,-1889.758301,2342.512939,1240.322632,-1835.272217,,,,,,,,,,,,,,,,,,,,,,,,,,,,,,,2241.452881,1410.080322,-1816.967773
129,1.075000,0.000018,0.000086,-0.000440,1.000000,2306.866943,1287.669678,-1941.369263,2352.529541,1312.899902,-2099.068115,2225.587646,1309.793823,-1889.728271,2342.483398,1240.315552,-1835.311157,2352.504639,1312.901733,-2099.035889,2225.587891,1309.809082,-1889.781128,2342.507324,1240.298706,-1835.291138,,,,,,,,,,,,,,,,,,,,,,,,,,,,,,,2241.775635,1409.376221,-1816.393555
130,1.083333,0.000116,0.000092,-0.000421,1.000000,2306.849365,1287.690308,-1941.380005,2352.509277,1312.953125,-2099.074707,2225.570068,1309.801392,-1889.733765,2342.469238,1240.316650,-1835.331543,2352.496338,1312.955688,-2099.062988,2225.579102,1309.804443,-1889.758057,2342.473389,1240.311157,-1835.319092,,,,,,,,,,,,,,,,,,,,,,,,,,,,,,,2242.066162,1408.742676,-1815.876587
131,1.091667,0.000100,0.000062,-0.000320,1.000000,2306.855957,1287.685181,-1941.373779,2352.519775,1312.951904,-2099.066406,2225.569092,1309.781494,-1889.733032,2342.479004,1240.322388,-1835.321655,2352.511719,1312.953735,-2099.059814,2225.566162,1309.788086,-1889.751953,2342.489502,1240.313843,-1835.309570,,,,,,,,,,,,,,,,,,,,,,,,,,,,,,,,,
132,1.100000,0.000031,0.000010,-0.000317,1.000000,2306.860352,1287.679077,-1941.359863,2352.540771,1312.924561,-2099.051270,2225.567871,1309.781982,-1889.730713,2342.472900,1240.331055,-1835.297485,2352.531494,1312.934814,-2099.071289,2225.556885,1309.795166,-1889.758789,2342.493652,1240.306885,-1835.248047,,,,,,,,,,,,,,,,,,,,,,,,,,,,,,,,,
133,1.108333,0.000073,0.000024,-0.000320,1.000000,2306.853027,1287.676758,-1941.384277,2352.529053,1312.934937,-2099.074951,2225.562012,1309.776123,-1889.750977,2342.468018,1240.319702,-1835.326904,2352.521240,1312.936523,-2099.068359,2225.560303,1309.781738,-1889.768311,2342.477295,1240.312256,-1835.316162,,,,,,,,,,,,,,,,,,,,,,,,,,,,,,,,,
134,1.116667,0.000080,0.000009,-0.000383,1.000000,2306.843506,1287.674561,-1941.364624,2352.527344,1312.929565,-2099.053467,2225.553711,1309.783081,-1889.733398,2342.449463,1240.311401,-1835.306885,2352.503418,1312.934570,-2099.033203,2225.555176,1309.797852,-1889.785889,2342.472168,1240.291748,-1835.275635,,,,,,,,,,,,,,,,,,,,,,,,,,,,,,,,,
135,1.125000,0.000034,-0.000012,-0.000395,1.000000,2306.845215,1287.686768,-1941.366699,2352.536377,1312.926025,-2099.055664,2225.553711,1309.802124,-1889.740967,2342.445312,1240.332642,-1835.303101,2352.513428,1312.934814,-2099.050781,2225.572266,1309.806274,-1889.784180,2342.449951,1240.319458,-1835.265503,,,,,,,,,,,,,,,,,,,,,,,,,,,,,,,,,
136,1.133333,-0.000021,0.000022,-0.000288,1.000000,2306.832275,1287.669922,-1941.353516,2352.507324,1312.901611,-2099.048584,2225.539795,1309.773560,-1889.724609,2342.449951,1240.334839,-1835.287231,2352.500732,1312.910889,-2099.070557,2225.559326,1309.766846,-1889.732422,2342.437256,1240.332031,-1835.257446,,,,,,,,,,,,,,,,,,,,,,,,,,,,,,,,,
137,1.141667,0.000048,0.000012,-0.000308,1.000000,2306.834229,1287.661011,-1941.347412,2352.513672,1312.912598,-2099.038086,2225.541260,1309.760742,-1889.717041,2342.447754,1240.309937,-1835.286743,2352.507568,1312.920776,-2099.056152,2225.549316,1309.760864,-1889.729370,2342.446777,1240.301514,-1835.256104,,,,,,,,,,,,,,,,,,,,,,,,,,,,,,,,,
