Format Version,1.25,Take Name,Skeleton 001_ROM_010,Take Notes,,Capture Frame Rate,120.000000,Export Frame Rate,120.000000,Capture Start Time,2026-08-13 05.27.06.145 PM,Capture Start Frame,2447028,Total Frames in Take,186,Total Exported Frames,186,Rotation Type,Quaternion,Length Units,Millimeters,Coordinate Space,Global

,Type,Rigid Body,Rigid Body,Rigid Body,Rigid Body,Rigid Body,Rigid Body,Rigid Body,Rigid Body Marker,Rigid Body Marker,Rigid Body Marker,Rigid Body Marker,Rigid Body Marker,Rigid Body Marker,Rigid Body Marker,Rigid Body Marker,Rigid Body Marker,Rigid Body Marker,Rigid Body Marker,Rigid Body Marker,Rigid Body Marker,Rigid Body Marker,Rigid Body Marker,Marker,Marker,Marker,Marker,Marker,Marker,Marker,Marker,Marker,Marker,Marker,Marker,Marker,Marker,Marker
,Name,Arrow,Arrow,Arrow,Arrow,Arrow,Arrow,Arrow,Arrow:Marker 001,Arrow:Marker 001,Arrow:Marker 001,Arrow:Marker 002,Arrow:Marker 002,Arrow:Marker 002,Arrow:Marker 003,Arrow:Marker 003,Arrow:Marker 003,Arrow:Marker 004,Arrow:Marker 004,Arrow:Marker 004,Arrow:Marker 005,Arrow:Marker 005,Arrow:Marker 005,Arrow:Marker 001,Arrow:Marker 001,Arrow:Marker 001,Arrow:Marker 002,Arrow:Marker 002,Arrow:Marker 002,Arrow:Marker 003,Arrow:Marker 003,Arrow:Marker 003,Arrow:Marker 004,Arrow:Marker 004,Arrow:Marker 004,Arrow:Marker 005,Arrow:Marker 005,Arrow:Marker 005
,ID,9AE8AD4F971A11F1ABE2E0AD00C476B3,9AE8AD4F971A11F1ABE2E0AD00C476B3,9AE8AD4F971A11F1ABE2E0AD00C476B3,9AE8AD4F971A11F1ABE2E0AD00C476B3,9AE8AD4F971A11F1ABE2E0AD00C476B3,9AE8AD4F971A11F1ABE2E0AD00C476B3,9AE8AD4F971A11F1ABE2E0AD00C476B3,"9AE8AD4F971A11F1:ABE2E0AD00C476B3","9AE8AD4F971A11F1:ABE2E0AD00C476B3","9AE8AD4F971A11F1:ABE2E0AD00C476B3","9AE8AD4F971A11F1:ABE2E0AD00C476B3","9AE8AD4F971A11F1:ABE2E0AD00C476B3","9AE8AD4F971A11F1:ABE2E0AD00C476B3","9AE8AD4F971A11F1:ABE2E0AD00C476B3","9AE8AD4F971A11F1:ABE2E0AD00C476B3","9AE8AD4F971A11F1:ABE2E0AD00C476B3","9AE8AD4F971A11F1:ABE2E0AD00C476B3","9AE8AD4F971A11F1:ABE2E0AD00C476B3","9AE8AD4F971A11F1:ABE2E0AD00C476B3","9AE8AD4F971A11F1:ABE2E0AD00C476B3","9AE8AD4F971A11F1:ABE2E0AD00C476B3","9AE8AD4F971A11F1:ABE2E0AD00C476B3","ACEC0679971A11F1:ABE2E0AD00C476B3","ACEC0679971A11F1:ABE2E0AD00C476B3","ACEC0679971A11F1:ABE2E0AD00C476B3","ACEC067A971A11F1:ABE2E0AD00C476B3","ACEC067A971A11F1:ABE2E0AD00C476B3","ACEC067A971A11F1:ABE2E0AD00C476B3","ACEC067B971A11F1:ABE2E0AD00C476B3","ACEC067B971A11F1:ABE2E0AD00C476B3","ACEC067B971A11F1:ABE2E0AD00C476B3","ACEC067C971A11F1:ABE2E0AD00C476B3","ACEC067C971A11F1:ABE2E0AD00C476B3","ACEC067C971A11F1:ABE2E0AD00C476B3","ACEC067D971A11F1:ABE2E0AD00C476B3","ACEC067D971A11F1:ABE2E0AD00C476B3","ACEC067D971A11F1:ABE2E0AD00C476B3"
,Parent,,,,,,,,Arrow,Arrow,Arrow,Arrow,Arrow,Arrow,Arrow,Arrow,Arrow,Arrow,Arrow,Arrow,Arrow,Arrow,Arrow,,,,,,,,,,,,,,,
,,Rotation,Rotation,Rotation,Rotation,Position,Position,Position,Position,Position,Position,Position,Position,Position,Position,Position,Position,Position,Position,Position,Position,Position,Position,Position,Position,Position,Position,Position,Position,Position,Position,Position,Position,Position,Position,Position,Position,Position
Frame,Time (Seconds),X,Y,Z,W,X,Y,Z,X,Y,Z,X,Y,Z,X,Y,Z,X,Y,Z,X,Y,Z,X,Y,Z,X,Y,Z,X,Y,Z,X,Y,Z,X,Y,Z
0,0.000000,0.000585,0.000106,-0.000182,1.000000,263.284882,48.562496,755.523132,13.235450,54.977932,766.003296,138.444550,55.467972,765.630188,513.792969,56.075310,761.831482,388.467712,57.060452,763.507019,262.484253,19.230783,720.643555,13.222343,54.972145,765.979797,138.462540,55.530029,765.655212,513.869324,56.233913,761.856140,388.323395,56.746883,763.402222,262.526215,19.282236,720.705322
1,0.008333,0.000620,0.000204,-0.000228,1.000000,263.305420,48.587250,755.502502,13.258606,55.024887,766.031799,138.467697,55.503464,765.634338,513.815430,56.076633,761.762634,388.490570,57.073154,763.462646,262.495300,19.258074,720.621033,13.274947,54.983711,765.983948,138.473343,55.515903,765.638550,513.728271,56.001091,761.656067,388.503754,57.133156,763.559082,262.541168,19.299185,720.671509
2,0.016667,0.000477,0.000415,-0.000313,1.000000,263.315002,48.573338,755.476257,13.273746,55.056290,766.109497,138.482727,55.513577,765.658936,513.828857,56.022152,761.628174,388.504913,57.040356,763.380920,262.485138,19.234272,720.603516,13.294710,54.990559,766.007751,138.504944,55.532875,765.703613,513.802490,55.887749,761.447998,388.389099,57.163013,763.545166,262.569916,19.291929,720.674561
3,0.025000,0.000714,0.000420,-0.000360,1.000000,263.326904,48.561005,755.467529,13.286382,55.062447,766.106506,138.495422,55.508156,765.654785,513.841553,55.983307,761.620422,388.517731,57.012478,763.374939,262.493927,19.238592,720.580872,13.254986,55.007278,766.036194,138.511932,55.571125,765.675354,513.937561,55.981529,761.488586,388.344788,56.938641,763.487488,262.575073,19.298838,720.655212
4,0.033333,0.000271,0.000312,-0.000323,1.000000,263.331909,48.566799,755.473938,13.288617,55.059074,766.052795,138.497681,55.513695,765.627930,513.844666,56.013180,761.674561,388.520355,57.034584,763.401001,262.508728,19.213425,720.613037,13.294281,55.035381,766.006165,138.515656,55.597824,765.661865,513.909668,56.133514,761.623413,388.309509,56.765511,763.406433,262.597656,19.261501,720.672974
5,0.041667,0.000502,0.000208,-0.000225,1.000000,263.341095,48.580673,755.506226,13.294339,55.019039,766.036133,138.503403,55.498402,765.637451,513.851135,56.073292,761.762390,388.526276,57.069340,763.463257,262.530884,19.243248,720.631653,13.305751,55.029156,765.986389,138.509811,55.539364,765.688110,513.879761,56.227074,761.748474,388.382080,56.768284,763.402649,262.605316,19.295647,720.695557
6,0.050000,0.000393,0.000129,-0.000113,1.000000,263.316956,48.562366,755.566833,13.267099,54.947144,766.055908,138.476120,55.454403,765.676880,513.824280,56.112350,761.860901,388.498962,57.080750,763.541809,262.518829,19.217148,720.698547,13.267610,54.962891,766.039612,138.487976,55.501194,765.711731,513.906189,56.290516,761.903748,388.309814,56.750950,763.417358,262.580353,19.251070,720.739258
7,0.058333,0.000407,0.000091,-0.000111,1.000000,263.314270,48.582596,755.583679,13.263583,54.966053,766.053772,138.472641,55.473839,765.684387,513.821106,56.133419,761.897156,388.495636,57.101265,763.568481,262.518921,19.238354,720.714600,13.247308,54.979721,766.068054,138.507355,55.544456,765.690186,513.891724,56.332180,761.951904,388.306274,56.746693,763.459229,262.583557,19.250568,720.729248
8,0.066667,0.000297,0.000019,0.000025,1.000000,263.341522,48.677032,755.599548,13.287603,54.994732,766.032288,138.496552,55.536518,765.680725,513.845337,56.297455,761.947388,388.519379,57.231544,763.600464,262.559143,19.324860,720.736816,13.314594,54.993370,766.032349,138.438858,55.591839,765.696472,513.918762,56.383434,761.952454,388.486023,57.115475,763.608582,262.549255,19.300621,720.709412
9,0.075000,0.000016,0.000019,0.000045,1.000000,263.325592,48.690792,755.585205,13.271421,55.004333,766.014648,138.480362,55.550938,765.662659,513.829102,56.324799,761.928528,388.503143,57.254803,763.581177,262.544403,19.319052,720.738892,13.311137,55.041679,766.015320,138.502350,55.545856,765.708008,513.872437,56.374096,761.961365,388.380646,57.220505,763.558716,262.554413,19.269487,720.680298
10,0.083333,-0.000305,0.000027,0.000207,1.000000,263.329742,48.751480,755.578125,13.273686,54.990639,766.007263,138.482452,55.577621,765.653015,513.830872,56.470798,761.912720,388.504639,57.361225,763.566650,262.557526,19.357080,720.750671,13.258596,55.009048,765.986511,138.497009,55.543858,765.709595,513.839661,56.412292,761.903809,388.517944,57.497902,763.607056,262.536377,19.301622,720.685364
11,0.091667,0.000357,0.000045,0.000172,1.000000,263.322784,48.731907,755.548645,13.267547,54.975079,765.994995,138.476318,55.553600,765.637085,513.824707,56.424980,761.884521,388.498535,57.322144,763.544128,262.547211,19.383699,720.682373,13.271235,54.992432,765.989990,138.500229,55.547108,765.678223,513.853210,56.425804,761.902954,388.398895,57.338215,763.523193,262.585449,19.355946,720.647278
12,0.100000,0.000575,0.000085,0.000027,1.000000,263.317444,48.663628,755.530029,13.264865,54.974724,765.999451,138.473801,55.517109,765.631592,513.822083,56.281307,761.848816,388.496338,57.214081,763.519043,262.530548,19.330877,720.651001,13.271180,54.977962,765.985901,138.500488,55.547932,765.670044,513.885986,56.358852,761.887878,388.319885,57.063400,763.420898,262.585876,19.350758,720.672729
13,0.108333,0.000807,0.000074,-0.000138,1.000000,263.311066,48.622562,755.540527,13.260365,55.011192,766.007202,138.469437,55.512493,765.642456,513.818054,56.154774,761.868591,388.492584,57.128063,763.536377,262.515320,19.306250,720.647949,13.278831,55.004906,765.976868,138.495483,55.585514,765.704407,513.917908,56.307789,761.918396,388.295624,56.843723,763.410522,262.535461,19.328102,720.673218
14,0.116667,0.000365,0.000068,-0.000128,1.000000,263.306793,48.621338,755.530029,13.255835,55.014362,765.988098,138.464935,55.517769,765.624390,513.813599,56.164005,761.854431,388.488068,57.136337,763.519897,262.512024,19.274176,720.663391,13.287815,54.986305,765.965759,138.496826,55.635300,765.667297,513.878174,56.333939,761.893311,388.274200,56.787174,763.403259,262.552673,19.303858,720.698792
15,0.125000,0.000730,0.000085,-0.000073,1.000000,263.301208,48.634197,755.543335,13.249904,54.991859,766.014526,138.458939,55.509411,765.646912,513.807434,56.200008,761.864807,388.481781,57.157234,763.535156,262.508514,19.312435,720.655212,13.258604,54.994804,765.986389,138.504395,55.580967,765.713074,513.902832,56.358387,761.904419,388.267242,56.877590,763.437805,262.537170,19.317909,720.661255
16,0.133333,0.000253,0.000066,-0.000027,1.000000,263.273621,48.632771,755.528931,13.221354,54.977329,765.984741,138.430328,55.506092,765.621277,513.778870,56.227745,761.852417,388.453125,57.174988,763.517273,262.484924,19.277664,720.668762,13.246613,54.994953,765.951965,138.478500,55.540020,765.677368,513.852417,56.369946,761.880310,388.248993,56.926579,763.429932,262.507599,19.295465,720.691162
17,0.141667,0.000645,0.000173,-0.000024,1.000000,263.291718,48.651669,755.505310,13.241649,54.986641,766.019470,138.450531,55.516380,765.629761,513.798218,56.243065,761.781250,388.472870,57.188309,763.473633,262.495728,19.323912,720.622314,13.283558,55.023838,765.974121,138.499496,55.518372,765.686279,513.800537,56.370789,761.770203,388.272461,56.958126,763.429932,262.568420,19.353300,720.658508
18,0.150000,0.000595,0.000294,-0.000129,1.000000,263.301910,48.662933,755.528748,13.255715,55.051464,766.102844,138.464630,55.554874,765.682739,513.811584,56.202354,761.743225,388.486816,57.174088,763.465881,262.491302,19.331852,720.648865,13.333697,55.084332,766.043579,138.503662,55.548126,765.754028,513.829041,56.289585,761.722351,388.250305,57.011524,763.437622,262.556824,19.356794,720.679993
19,0.158333,0.000636,0.000340,-0.000253,1.000000,263.286469,48.666569,755.531616,13.242841,55.116333,766.129211,138.451843,55.588684,765.697632,513.798523,56.143288,761.723694,388.474182,57.145996,763.457886,262.465393,19.338509,720.649414,13.287127,55.105267,766.114502,138.456009,55.650726,765.726990,513.863037,56.223866,761.725586,388.237244,56.972965,763.418152,262.550964,19.353302,720.666382
20,0.166667,0.000194,0.000317,-0.000291,1.000000,263.295776,48.677967,755.509338,13.252139,55.155903,766.089600,138.461197,55.618458,765.663452,513.808105,56.141308,761.706360,388.483765,57.154980,763.433899,262.474091,19.319138,720.653076,13.256310,55.137665,766.096436,138.470200,55.692829,765.670471,513.870178,56.220581,761.727112,388.268890,56.974892,763.367432,262.584076,19.338877,720.675354
21,0.175000,0.000406,0.000277,-0.000221,1.000000,263.295135,48.653507,755.535461,13.249784,55.092167,766.098572,138.458786,55.572319,765.682556,513.805969,56.149059,761.755737,388.481323,57.144562,763.473694,262.480347,19.309381,720.666626,13.260084,55.084560,766.080261,138.514069,55.638138,765.711121,513.838928,56.248653,761.747314,388.291779,56.950577,763.456360,262.543121,19.320663,720.680542
22,0.183333,0.000178,0.000217,-0.000079,1.000000,263.303040,48.652729,755.531555,13.254583,55.024914,766.062012,138.463531,55.540581,765.660706,513.810974,56.222561,761.778137,388.485840,57.183113,763.480713,262.500732,19.292446,720.676086,13.276133,55.015701,766.053223,138.488632,55.606083,765.680237,513.870422,56.319122,761.781982,388.336609,57.013790,763.463562,262.525391,19.292513,720.677185
23,0.191667,0.000748,0.000069,-0.000069,1.000000,263.313202,48.649914,755.542847,13.261527,55.005238,766.006409,138.470551,55.523792,765.642761,513.819092,56.217484,761.872437,388.493469,57.173656,763.538879,262.521820,19.329361,720.653687,13.300200,55.027565,766.017944,138.485550,55.555241,765.652710,513.917603,56.357513,761.927612,388.287018,56.946205,763.447266,262.543823,19.331913,720.655945
24,0.200000,0.000433,0.000020,0.000070,1.000000,263.327423,48.719883,755.571350,13.272942,55.012302,766.006348,138.481857,55.565426,765.654724,513.830627,56.361057,761.920715,388.504547,57.283451,763.574280,262.547607,19.377144,720.700562,13.246091,55.054195,766.040344,138.467911,55.547344,765.651184,513.892883,56.410164,761.966675,388.483002,57.252659,763.546814,262.549774,19.337400,720.653503
25,0.208333,0.000626,0.000191,-0.000108,1.000000,263.280640,48.672050,755.540283,13.232022,55.049576,766.063416,138.440979,55.558193,765.669067,513.788696,56.221462,761.806763,388.463531,57.187897,763.503662,262.478455,19.343084,720.658508,13.258674,55.025478,766.051758,138.487396,55.580048,765.675598,513.722534,56.175209,761.768433,388.376465,57.229641,763.539612,262.553131,19.350702,720.666443
26,0.216667,0.000289,0.000316,-0.000198,1.000000,263.287109,48.628284,755.494690,13.242274,55.057808,766.076172,138.451233,55.543682,765.650085,513.798035,56.136951,761.693298,388.473511,57.127033,763.420959,262.470886,19.275917,720.632874,13.244304,55.029911,766.050354,138.492645,55.599812,765.660950,513.865051,56.155807,761.629333,388.288971,57.064091,763.493225,262.524689,19.285921,720.646729
27,0.225000,0.000401,0.000280,-0.000323,1.000000,263.307037,48.612827,755.484436,13.263046,55.102528,766.049133,138.472168,55.557171,765.632324,513.819397,56.057419,761.703003,388.494995,57.078465,763.421692,262.486023,19.268503,720.615967,13.286043,55.094700,766.000000,138.481827,55.601925,765.680603,513.915710,56.128620,761.653137,388.264435,56.926136,763.444519,262.555481,19.292217,720.645691
28,0.233333,0.000500,0.000331,-0.000256,1.000000,263.309082,48.631882,755.499878,13.265312,55.086071,766.091248,138.474319,55.557529,765.661865,513.821106,56.108719,761.694458,388.496735,57.112679,763.426147,262.488464,19.294357,720.625610,13.281961,55.105064,766.057373,138.486237,55.566284,765.697815,513.859863,56.185184,761.665710,388.300049,56.957714,763.413940,262.594055,19.325329,720.663452
29,0.241667,0.000574,0.000282,-0.000208,1.000000,263.280151,48.630947,755.510437,13.234705,55.059219,766.078247,138.443710,55.542938,765.661133,513.790833,56.131279,761.730652,388.466187,57.122776,763.450195,262.465790,19.298477,720.631836,13.251861,55.044556,766.057800,138.470413,55.600620,765.668579,513.849426,56.210659,761.692383,388.233093,56.936073,763.460144,262.560425,19.334822,720.676147
30,0.250000,0.000299,0.000210,-0.000163,1.000000,263.276154,48.615391,755.511536,13.228625,55.027172,766.039856,138.437653,55.521832,765.640503,513.785217,56.141495,761.763550,388.460266,57.122757,763.464600,262.469452,19.263662,720.648926,13.226583,55.024467,766.022705,138.495651,55.562538,765.650696,513.837402,56.221897,761.739990,388.246277,56.951145,763.459106,262.544281,19.293013,720.685242
31,0.258333,-0.000084,0.000221,-0.000136,1.000000,263.282196,48.597141,755.523193,13.234586,55.003670,766.052185,138.443558,55.504692,765.649597,513.791077,56.141373,761.763916,388.466064,57.117260,763.466980,262.476257,19.218672,720.683105,13.238811,55.035580,766.022278,138.515549,55.513756,765.685669,513.829102,56.261974,761.746643,388.257019,56.907513,763.451294,262.537781,19.236994,720.707458
32,0.266667,0.000128,0.000082,0.000020,1.000000,263.343231,48.623779,755.589966,13.290703,54.947754,766.051941,138.499619,55.488037,765.684570,513.847961,56.243565,761.903748,388.522217,57.179600,763.572266,262.556183,19.259893,720.737183,13.271648,54.985096,766.035645,138.517365,55.457047,765.708923,513.903442,56.266827,761.872131,388.461426,57.175518,763.624695,262.561432,19.234970,720.709595
33,0.275000,-0.000166,-0.000027,0.000051,1.000000,263.306854,48.630943,755.611877,13.251633,54.945530,766.015686,138.460602,55.493389,765.675232,513.809692,56.270035,761.975769,388.483521,57.199253,763.616394,262.529236,19.246462,720.776245,13.254450,54.968204,766.025635,138.503937,55.498287,765.697388,513.861877,56.306816,762.001221,388.339355,57.163666,763.595154,262.563446,19.214487,720.738098
34,0.283333,0.000065,0.000015,-0.000158,1.000000,263.271454,48.530216,755.607117,13.219774,54.944153,766.034851,138.428925,55.440014,765.684143,513.777954,56.062016,761.953552,388.452362,57.042683,763.605103,262.478638,19.162180,720.757935,13.241104,54.965614,766.037170,138.492081,55.472759,765.708496,513.746704,56.152813,761.962524,388.307220,56.903759,763.591064,262.554321,19.142681,720.734924
35,0.291667,0.000194,0.000162,-0.000342,1.000000,263.282715,48.469742,755.530945,13.236493,54.973133,766.033997,138.445709,55.422939,765.646545,513.793884,55.907585,761.805481,388.469086,56.934010,763.494263,262.468811,19.110996,720.674438,13.259666,54.975368,765.960754,138.480698,55.458511,765.701050,513.770691,56.008698,761.719360,388.326202,56.726997,763.545166,262.558319,19.157122,720.732849
36,0.300000,0.000359,0.000346,-0.000291,1.000000,263.301361,48.474331,755.487854,13.258368,54.948982,766.084961,138.467407,55.411572,765.651611,513.814087,55.935406,761.672729,388.489838,56.948608,763.407959,262.477631,19.127048,720.621948,13.189774,54.926765,766.032043,138.490112,55.479092,765.669617,513.918091,56.048832,761.587830,388.326355,56.696426,763.453125,262.567535,19.190289,720.700378
37,0.308333,0.000516,0.000374,-0.000303,1.000000,263.300903,48.517467,755.497742,13.258636,54.994762,766.110901,138.467651,55.454494,765.670654,513.814087,55.970634,761.670898,388.490021,56.986282,763.413452,262.474518,19.181131,720.622681,13.197263,54.961540,766.042114,138.477600,55.525871,765.709534,513.931091,56.082218,761.610413,388.351532,56.728390,763.404236,262.536987,19.261383,720.720337
38,0.316667,0.000911,0.000442,-0.000403,0.999999,263.294617,48.506126,755.465454,13.255090,55.024944,766.117615,138.464142,55.460037,765.660767,513.810181,55.904411,761.610596,388.486481,56.943699,763.370850,262.457642,19.197504,720.567261,13.266596,54.965981,766.038696,138.503098,55.546944,765.709717,513.786865,55.950123,761.535522,388.336456,56.769730,763.378967,262.572357,19.285774,720.672791
39,0.325000,0.000748,0.000382,-0.000340,1.000000,263.318604,48.523705,755.461609,13.276995,55.014374,766.081726,138.486023,55.465145,765.639709,513.832458,55.955650,761.634277,388.508453,56.979668,763.379272,262.489502,19.203646,720.572937,13.288289,54.966869,766.017090,138.489029,55.568104,765.691223,513.906433,56.047291,761.576965,388.303009,56.742771,763.380066,262.578094,19.262548,720.644592
40,0.333333,0.000006,0.000204,-0.000131,1.000000,263.346954,48.590500,755.507996,13.298899,54.992630,766.029663,138.507874,55.494980,765.631409,513.855469,56.136108,761.758545,388.530426,57.110439,763.457520,262.542450,19.218302,720.662598,13.281369,54.960072,765.974976,138.462677,55.531395,765.677002,513.909363,56.126865,761.703552,388.519989,57.094913,763.493164,262.561310,19.239273,720.689331
41,0.341667,0.000103,0.000030,-0.000029,1.000000,263.323822,48.636055,755.547668,13.270825,54.985088,765.983459,138.479828,55.513077,765.628906,513.828613,56.231594,761.886963,388.502777,57.180008,763.542419,262.537476,19.270473,720.696289,13.273460,54.956200,765.952820,138.485733,55.567268,765.684814,513.909180,56.230225,761.879211,388.364777,57.163002,763.534851,262.577423,19.263840,720.687012
42,0.350000,0.000371,0.000162,-0.000194,1.000000,263.251648,48.575825,755.508484,13.203531,55.001816,766.013794,138.412628,55.488659,765.626465,513.760620,56.085278,761.785645,388.435547,57.074169,763.474792,262.446442,19.229172,720.641541,13.262755,54.984928,765.949036,138.480011,55.519844,765.694824,513.687500,56.099960,761.736633,388.268799,57.005135,763.480103,262.548889,19.264992,720.683838
43,0.358333,0.000443,0.000219,-0.000253,1.000000,263.282471,48.549000,755.481445,13.236314,55.002670,766.016235,138.445404,55.474945,765.614685,513.793030,56.028271,761.731018,388.468262,57.031559,763.434631,262.469818,19.207518,720.610291,13.252105,54.990440,765.963684,138.487061,55.525764,765.647766,513.819214,56.118317,761.666809,388.276917,56.827610,763.463440,262.550385,19.255945,720.670471
44,0.366667,0.000447,0.000244,-0.000235,1.000000,263.279785,48.541656,755.478577,13.233930,54.986465,766.025879,138.442978,55.463135,765.618103,513.790344,56.029671,761.715698,388.465698,57.028545,763.425598,262.466431,19.200432,720.607300,13.217895,54.979252,765.972351,138.467407,55.506233,765.661865,513.834473,56.134365,761.683838,388.301300,56.792118,763.385559,262.558533,19.265978,720.686523
45,0.375000,0.000438,0.000154,-0.000118,1.000000,263.324280,48.605045,755.529907,13.274998,54.991325,766.031921,138.484024,55.497395,765.646729,513.831970,56.151997,761.812195,388.506775,57.121479,763.499390,262.524139,19.262997,720.658936,13.224152,54.975529,765.980652,138.447739,55.539822,765.699280,513.875305,56.184624,761.756470,388.508057,57.054966,763.543762,262.565186,19.269938,720.668884
46,0.383333,0.000112,0.000112,-0.000081,1.000000,263.291351,48.659565,755.513428,13.240725,55.034359,765.990417,138.449738,55.549362,765.615356,513.797974,56.229004,761.811707,388.472534,57.190388,763.487793,262.496277,19.294682,720.661621,13.253129,55.029564,765.970215,138.490677,55.568188,765.649170,513.850159,56.233891,761.797791,388.302704,57.172314,763.492310,262.542999,19.292295,720.658936
47,0.391667,-0.000335,0.000209,-0.000086,1.000000,263.321411,48.691288,755.487061,13.272882,55.077812,766.006958,138.481812,55.591290,765.607117,513.829346,56.263966,761.729980,388.504211,57.228035,763.429504,262.519226,19.295296,720.661682,13.287485,55.058903,765.970154,138.500168,55.567680,765.651550,513.704651,56.109215,761.664795,388.529541,57.453224,763.508667,262.572937,19.280561,720.643555
48,0.400000,0.000167,0.000291,-0.000076,1.000000,263.305115,48.676014,755.496948,13.258189,55.047199,766.064087,138.467072,55.563469,765.644287,513.813965,56.247204,761.706543,388.489075,57.207176,763.427551,262.497833,19.314983,720.642212,13.250177,55.016987,766.024841,138.524399,55.560371,765.679016,513.865356,56.138985,761.648804,388.316956,57.348202,763.480408,262.549042,19.327675,720.655640
49,0.408333,0.000505,0.000216,-0.000110,1.000000,263.286713,48.613018,755.481689,13.238609,54.993713,766.015564,138.447586,55.501926,765.614990,513.795105,56.163315,761.734009,388.470032,57.130474,763.436829,262.482697,19.275625,720.606995,13.285570,54.966736,765.962280,138.497757,55.549385,765.659058,513.850952,56.207344,761.702087,388.256042,57.007790,763.427063,262.514435,19.317362,720.656799
50,0.416667,0.000379,0.000101,-0.000092,1.000000,263.306396,48.605183,755.486267,13.255686,54.979820,765.961121,138.464722,55.492298,765.589050,513.813049,56.165798,761.794128,388.487579,57.129017,763.467957,262.511444,19.258930,720.618774,13.242393,54.951347,765.910156,138.507004,55.597057,765.668457,513.900085,56.296585,761.802979,388.258667,56.844067,763.378845,262.584747,19.292013,720.657654
51,0.425000,0.000687,0.000209,-0.000296,1.000000,263.266785,48.560600,755.463623,13.220936,55.030693,765.996704,138.430084,55.492363,765.597839,513.777832,56.015221,761.721802,388.453125,57.028488,763.423401,262.452271,19.236204,720.578186,13.300926,54.980892,765.914307,138.482193,55.582340,765.681458,513.674561,56.076447,761.684753,388.287415,56.839508,763.373962,262.575867,19.307318,720.661560
52,0.433333,0.000133,0.000310,-0.000174,1.000000,263.319672,48.647526,755.452576,13.274402,55.068298,766.028564,138.483337,55.560070,765.604065,513.830200,56.170177,761.652283,388.505585,57.154762,763.377930,262.505341,19.284285,720.599854,13.274199,55.018295,765.944153,138.477371,55.600761,765.679077,513.803345,56.110962,761.562561,388.474426,57.193722,763.440063,262.567993,19.311666,720.633606
53,0.441667,-0.000645,0.000330,0.000112,1.000000,263.358368,48.765705,755.470032,13.309866,55.059933,766.046631,138.518509,55.622643,765.616089,513.864746,56.441242,761.647400,388.539673,57.356842,763.376831,262.559387,19.347822,720.663086,13.273915,54.987511,765.988037,138.472687,55.648098,765.681274,513.867737,56.220356,761.553833,388.646545,57.701447,763.520874,262.553772,19.315531,720.624634
54,0.450000,-0.000709,0.000199,0.000097,1.000000,263.323395,48.770733,755.489563,13.272315,55.073658,765.999451,138.481079,55.632641,765.601807,513.828369,56.439720,761.732056,388.502899,57.359219,763.428284,262.532745,19.348389,720.686218,13.270803,55.014797,765.973389,138.495834,55.650257,765.634399,513.863647,56.267742,761.697266,388.446167,57.605240,763.478638,262.535187,19.335222,720.668091
55,0.458333,0.000519,0.000057,0.000000,1.000000,263.311157,48.686275,755.474182,13.258338,55.011890,765.928772,138.467300,55.547550,765.567932,513.815857,56.291294,761.806396,388.490051,57.230942,763.469421,262.524658,19.349670,720.598389,13.324772,55.003162,765.892456,138.470566,55.572922,765.623230,513.882874,56.328224,761.823486,388.308990,57.147373,763.403748,262.548126,19.369650,720.619446
56,0.466667,0.000360,0.000037,0.000029,1.000000,263.308044,48.663502,755.470947,13.254463,54.978233,765.913391,138.463409,55.520885,765.557495,513.812073,56.284756,761.810852,388.486145,57.217815,763.468445,262.524628,19.315777,720.604431,13.282163,54.943958,765.843567,138.430954,55.572353,765.635132,513.817200,56.308346,761.787415,388.475800,57.148655,763.451782,262.533234,19.343542,720.637756
57,0.475000,0.000136,0.000043,-0.000006,1.000000,263.297760,48.654671,755.459656,13.244748,54.991119,765.902588,138.453720,55.525089,765.544800,513.802429,56.261723,761.792786,388.476562,57.204060,763.451721,262.511902,19.291330,720.606384,13.278500,54.962669,765.830994,138.480484,55.590782,765.614868,513.887146,56.336040,761.752075,388.303833,57.044628,763.453674,262.520935,19.322451,720.645264
58,0.483333,0.000216,0.000172,-0.000150,1.000000,263.283783,48.637203,755.481323,13.235301,55.044086,765.989441,138.444321,55.542000,765.599548,513.792236,56.170982,761.751343,388.467072,57.149197,763.442566,262.480499,19.279716,720.623474,13.262969,54.962265,765.908569,138.434921,55.590584,765.643433,513.727234,56.051937,761.633118,388.472687,57.254570,763.542969,262.517059,19.319536,720.671326
59,0.491667,-0.000347,0.000392,-0.000261,1.000000,263.282166,48.590664,755.460999,13.239771,55.064888,766.072021,138.448715,55.534565,765.626404,513.795044,56.075878,761.612183,388.470825,57.083824,763.357544,262.457031,19.194130,720.636597,13.242110,54.974762,765.977478,138.452118,55.596527,765.679382,513.793701,55.953697,761.464539,388.356415,57.174549,763.476196,262.561340,19.250080,720.704163
60,0.500000,0.000037,0.000419,-0.000305,1.000000,263.308044,48.578053,755.445923,13.266772,55.066219,766.075562,138.475739,55.525177,765.623535,513.821838,56.036404,761.589172,388.497894,57.054085,763.342163,262.478424,19.208338,720.598999,13.292233,55.010612,765.998291,138.497665,55.595257,765.678040,513.928772,56.053196,761.517883,388.264374,56.950752,763.366516,262.530884,19.267891,720.669983
61,0.508333,0.000305,0.000327,-0.000291,1.000000,263.303528,48.553898,755.466370,13.260126,55.029644,766.053223,138.469162,55.492214,765.624573,513.815979,56.015720,761.659912,388.491699,57.029079,763.390259,262.481110,19.202797,720.603577,13.307789,55.025276,765.983704,138.471970,55.543312,765.706360,513.889160,56.127998,761.638611,388.243103,56.783379,763.335327,262.562256,19.248190,720.657959
62,0.516667,0.000758,0.000168,-0.000216,1.000000,263.287018,48.563992,755.468140,13.239294,54.992504,765.981506,138.448395,55.474308,765.593018,513.796387,56.057892,761.747986,388.471375,57.050823,763.439453,262.480072,19.244385,720.578491,13.293180,54.972088,765.946167,138.479935,55.574837,765.645569,513.817261,56.209610,761.758179,388.238007,56.725716,763.356750,262.556732,19.278423,720.618591
63,0.525000,0.000431,0.000142,-0.000056,1.000000,263.284424,48.579590,755.473694,13.234079,54.935020,765.969543,138.443054,55.456608,765.587402,513.791077,56.157703,761.761963,388.465637,57.111664,763.446106,262.488708,19.236904,720.603210,13.309296,54.914078,765.899414,138.459061,55.550964,765.675842,513.805298,56.303787,761.752014,388.252167,56.800114,763.376953,262.555359,19.276705,720.651855
64,0.533333,0.000886,0.000062,-0.000027,1.000000,263.262177,48.543274,755.515381,13.209820,54.874996,765.977173,138.418823,55.404022,765.615479,513.767334,56.129845,761.850525,388.441620,57.075180,763.515503,262.473724,19.232294,720.618103,13.233823,54.836857,765.920471,138.453339,55.509220,765.682251,513.809021,56.245953,761.839172,388.238586,56.803535,763.453003,262.541840,19.279490,720.673889
65,0.541667,0.000572,0.000128,-0.000268,1.000000,263.243530,48.487957,755.491272,13.195634,54.946541,765.982117,138.404816,55.415104,765.603455,513.753174,55.957996,761.788574,388.428162,56.964664,763.469543,262.436371,19.155443,720.612549,13.194921,54.888897,765.905884,138.494019,55.518826,765.675842,513.686951,56.011250,761.736389,388.288116,56.791969,763.454224,262.548828,19.219687,720.689331
66,0.550000,0.000155,0.000194,-0.000202,1.000000,263.273651,48.535709,755.439758,13.226300,54.970001,765.958008,138.435349,55.454792,765.562622,513.783081,56.044098,761.697876,388.458191,57.035610,763.394470,262.465790,19.174000,720.585571,13.231467,54.935249,765.876160,138.479691,55.531330,765.630798,513.836121,56.131157,761.635376,388.287292,56.828667,763.405029,262.513092,19.228333,720.652954
67,0.558333,-0.000008,0.000240,-0.000116,1.000000,263.280396,48.530098,755.466431,13.232887,54.924797,766.005737,138.441833,55.430992,765.598572,513.789185,56.083599,761.699036,388.464172,57.054111,763.406860,262.474365,19.156954,720.621887,13.219534,54.905693,765.958862,138.467514,55.488018,765.627258,513.847473,56.180695,761.657776,388.315765,56.837234,763.397034,262.534760,19.213652,720.691223
68,0.566667,0.000298,0.000216,-0.000117,1.000000,263.264191,48.509090,755.518738,13.216198,54.897945,766.049805,138.425140,55.404091,765.649109,513.772644,56.058178,761.768066,388.447601,57.027943,763.470398,262.459747,19.157255,720.656128,13.208833,54.904099,766.011719,138.453568,55.446068,765.687439,513.827759,56.186691,761.749084,388.278778,56.778297,763.437134,262.527710,19.195627,720.703064
69,0.575000,0.000374,0.000075,-0.000104,1.000000,263.271545,48.515591,755.572754,13.220429,54.896126,766.034607,138.429489,55.405697,765.669067,513.778076,56.070454,761.893494,388.452515,57.036598,763.560852,262.477692,19.169041,720.705505,13.196301,54.896233,766.024902,138.436386,55.471695,765.698975,513.889343,56.212059,761.920105,388.278168,56.781849,763.486267,262.537506,19.183779,720.722961
70,0.583333,0.000592,0.000039,-0.000033,1.000000,263.276123,48.548676,755.573669,13.223380,54.889568,766.020264,138.432388,55.416862,765.664001,513.781128,56.135929,761.915833,388.455322,57.083759,763.574524,262.488922,19.217220,720.693604,13.189961,54.870522,766.022766,138.465408,55.518024,765.684387,513.860779,56.273228,761.953247,388.295990,56.824463,763.494629,262.548096,19.225637,720.702515
71,0.591667,-0.000086,-0.000009,0.000096,1.000000,263.317291,48.622704,755.575073,13.261885,54.913177,765.988770,138.470779,55.472324,765.643982,513.819702,56.283241,761.931213,388.493469,57.200958,763.576538,262.541046,19.243778,720.734741,13.228853,54.889664,765.962646,138.456314,55.523815,765.702759,513.871338,56.302715,761.952576,388.516144,57.173923,763.546692,262.514069,19.225258,720.712708
72,0.600000,-0.000678,0.000024,0.000283,1.000000,263.348816,48.735981,755.586304,13.291777,54.945324,766.009338,138.500443,55.550858,765.655457,513.848755,56.497665,761.916626,388.522339,57.370487,763.569153,262.581238,19.315521,720.780823,13.284994,54.943886,765.995178,138.451141,55.499554,765.715576,513.855164,56.329697,761.928467,388.670563,57.718533,763.605896,262.509674,19.242361,720.692261
73,0.608333,-0.000864,0.000065,0.000232,1.000000,263.313599,48.719112,755.609741,13.258039,54.957382,766.050964,138.466721,55.550240,765.686584,513.814819,56.458057,761.916626,388.488647,57.344044,763.579102,262.540192,19.285797,720.815247,13.264046,54.967533,766.075623,138.513000,55.510712,765.711731,513.854919,56.340454,761.970032,388.372925,57.576656,763.547729,262.548340,19.225124,720.739319
74,0.616667,-0.000354,0.000086,0.000087,1.000000,263.286926,48.610313,755.599426,13.233603,54.910458,766.057678,138.442459,55.467369,765.688538,513.790649,56.270168,761.903503,388.464813,57.190811,763.572266,262.503510,19.212730,720.774963,13.274515,54.944111,766.083435,138.499634,55.459175,765.711304,513.850647,56.306164,761.970093,388.212555,57.155792,763.485229,262.558838,19.181297,720.734436
75,0.625000,0.000104,0.000222,-0.000295,1.000000,263.252106,48.486366,755.535095,13.206541,54.968422,766.066833,138.415665,55.429783,765.664307,513.763306,55.948589,761.778320,388.438660,56.963684,763.481873,262.436768,19.121321,720.683899,13.285865,54.936111,766.051086,138.506073,55.518116,765.685120,513.647217,56.002293,761.751282,388.214233,56.817379,763.480286,262.580017,19.143011,720.708069
76,0.633333,0.000438,0.000496,-0.000452,1.000000,263.282013,48.426167,755.450073,13.244271,54.979244,766.123108,138.453308,55.401791,765.652283,513.798950,55.806030,761.561035,388.475525,56.859104,763.333923,262.438416,19.084625,720.579773,13.307224,54.904171,766.045288,138.464401,55.495678,765.679688,513.775940,55.822243,761.448792,388.284424,56.722549,763.399475,262.566681,19.175838,720.689392
77,0.641667,0.000045,0.000598,-0.000379,1.000000,263.301971,48.449497,755.439880,13.265491,54.974663,766.159241,138.474365,55.415020,765.662292,513.819092,55.870518,761.493530,388.495880,56.906796,763.291382,262.455475,19.080452,720.592773,13.260802,54.933422,766.066589,138.463684,55.478214,765.696899,513.896118,55.940430,761.354309,388.335663,56.707302,763.386230,262.542664,19.169706,720.704041
78,0.650000,0.000142,0.000430,-0.000320,1.000000,263.285583,48.509281,755.461365,13.244719,55.003044,766.097534,138.453705,55.458172,765.643005,513.799805,55.958500,761.601074,388.475830,56.979733,763.356812,262.454315,19.146915,720.608337,13.241508,54.960796,766.042725,138.484543,55.546879,765.658142,513.848999,56.051422,761.514465,388.292908,56.741852,763.407410,262.536285,19.215567,720.692810
79,0.658333,0.000479,0.000238,-0.000278,1.000000,263.290527,48.555809,755.502563,13.245076,55.021328,766.047180,138.454163,55.487324,765.640991,513.801697,56.022022,761.743347,388.477020,57.031506,763.451782,262.475098,19.216835,720.629456,13.247641,54.995983,766.014832,138.480621,55.594048,765.679016,513.857544,56.157681,761.717285,388.301056,56.759254,763.447937,262.538208,19.236263,720.653870
80,0.666667,0.000610,0.000084,-0.000173,1.000000,263.301941,48.595360,755.555969,13.251901,55.005436,766.025208,138.461014,55.497910,765.657715,513.809570,56.112701,761.875977,388.484253,57.095333,763.545959,262.503448,19.265385,720.674866,13.250346,55.014343,766.018677,138.481796,55.574520,765.703186,513.888245,56.277885,761.914307,388.276123,56.807919,763.464050,262.578217,19.259371,720.667542
81,0.675000,0.000551,0.000028,-0.000068,1.000000,263.281982,48.614288,755.558594,13.229429,54.973522,765.999207,138.438492,55.492031,765.645630,513.787415,56.184555,761.905640,388.461578,57.141281,763.561462,262.493469,19.280018,720.680908,13.216078,54.997101,766.005798,138.440582,55.554329,765.687439,513.865417,56.368370,761.975647,388.314240,56.852417,763.448975,262.554047,19.263960,720.661438
82,0.683333,0.000450,0.000010,-0.000071,1.000000,263.289429,48.626675,755.554077,13.236523,54.989426,765.984131,138.445602,55.507164,765.635071,513.794617,56.196808,761.908813,388.468811,57.154579,763.559875,262.502045,19.285362,720.682251,13.205100,55.020920,766.015381,138.478790,55.558231,765.643738,513.875610,56.383934,761.990845,388.310883,56.866516,763.445557,262.554535,19.268286,720.661560
83,0.691667,0.000256,0.000215,-0.000132,1.000000,263.285706,48.637772,755.534973,13.237894,55.034863,766.065430,138.446869,55.537296,765.664612,513.794434,56.180038,761.783691,388.469391,57.153625,763.485962,262.480438,19.282991,720.674866,13.207118,55.003368,766.034851,138.469528,55.559063,765.702271,513.718201,56.106327,761.742798,388.495148,57.239754,763.523499,262.535461,19.279797,720.670288
84,0.700000,-0.000537,0.000250,-0.000136,1.000000,263.267853,48.631618,755.507263,13.220817,55.047180,766.045166,138.429779,55.548088,765.634766,513.777039,56.181988,761.726501,388.452148,57.159172,763.436035,262.459900,19.221630,720.693848,13.207418,55.023815,765.970764,138.445526,55.560532,765.701294,513.844666,56.132862,761.634399,388.328064,57.207809,763.519958,262.506561,19.233923,720.710999
85,0.708333,-0.000241,0.000201,0.000050,1.000000,263.293213,48.676918,755.511353,13.242781,54.993237,766.028198,138.451569,55.540955,765.630615,513.798950,56.316761,761.759827,388.473541,57.246319,763.457458,262.499664,19.287283,720.680420,13.194738,55.001175,765.970032,138.477722,55.494087,765.690247,513.826172,56.220974,761.674438,388.440552,57.405144,763.563049,262.524200,19.273849,720.665588
86,0.716667,-0.000948,0.000241,0.000081,1.000000,263.290161,48.699444,755.512390,13.240189,55.015163,766.040710,138.448929,55.570065,765.632080,513.795959,56.363636,761.729736,388.470612,57.287838,763.436279,262.495605,19.260469,720.723145,13.168607,54.992607,765.978027,138.448914,55.514931,765.698608,513.682983,56.105148,761.610474,388.631897,57.720989,763.606384,262.540192,19.235361,720.693481
87,0.725000,-0.000372,0.000250,0.000091,1.000000,263.275024,48.676270,755.502686,13.225108,54.974930,766.042419,138.433807,55.532764,765.632385,513.780762,56.338219,761.724670,388.455444,57.257988,763.434326,262.480469,19.277420,720.679504,13.165270,54.955540,765.993103,138.434433,55.526726,765.701050,513.816528,56.210651,761.649475,388.421997,57.458771,763.536438,262.535309,19.244740,720.639648
88,0.733333,0.000353,0.000216,-0.000197,1.000000,263.230316,48.549919,755.482117,13.183355,54.977619,766.014038,138.392410,55.463776,765.613281,513.739990,56.058247,761.732239,388.415100,57.047874,763.434692,262.421204,19.202047,720.616333,13.206162,54.940693,765.951965,138.419022,55.511131,765.668396,513.709656,56.042896,761.659729,388.281189,57.017651,763.477783,262.532135,19.236858,720.656921
89,0.741667,0.000787,0.000199,-0.000200,1.000000,263.257568,48.502781,755.497070,13.210297,54.922859,766.026184,138.419342,55.408600,765.630066,513.767151,56.004139,761.762085,388.442169,56.993061,763.461243,262.449402,19.185200,720.605774,13.202489,54.912678,765.942200,138.401611,55.467556,765.713501,513.885315,56.132561,761.709473,388.259247,56.729111,763.443420,262.519073,19.239536,720.672485
90,0.750000,0.001061,0.000158,-0.000174,0.999999,263.271362,48.511330,755.513794,13.222874,54.912857,766.025574,138.431931,55.405216,765.640137,513.779968,56.022064,761.803711,388.454865,57.003643,763.492981,262.467621,19.212831,720.606384,13.207772,54.917210,765.994019,138.442169,55.471016,765.679199,513.866638,56.201656,761.803650,388.284698,56.666950,763.430969,262.529816,19.247770,720.649536
91,0.758333,0.000878,0.000078,-0.000130,1.000000,263.266632,48.548775,755.545898,13.215899,54.931995,766.015686,138.424988,55.435303,765.649902,513.773560,56.084000,761.872803,388.448090,57.055092,763.541870,262.471008,19.237440,720.649048,13.230698,54.949150,765.998657,138.444016,55.481533,765.677124,513.873901,56.268116,761.899353,388.290314,56.749409,763.471680,262.473541,19.254370,720.671387
92,0.766667,0.000454,0.000100,-0.000176,1.000000,263.283905,48.611496,755.542358,13.234228,55.026470,766.017517,138.443344,55.518013,765.645935,513.791809,56.129158,761.852051,388.466492,57.113136,763.525635,262.484100,19.270657,720.670410,13.252457,54.992115,766.005676,138.428055,55.539268,765.646790,513.706421,56.048679,761.798828,388.490692,57.205193,763.588501,262.537933,19.271765,720.671814
93,0.775000,-0.000533,0.000236,0.000118,1.000000,263.339630,48.715145,755.541992,13.289094,55.004025,766.072632,138.497787,55.568317,765.665955,513.844788,56.392277,761.768494,388.519379,57.306000,763.474426,262.547607,19.305061,720.728271,13.229867,54.962608,766.042480,138.457718,55.542629,765.700867,513.871643,56.150166,761.696594,388.661774,57.730980,763.616699,262.518097,19.263521,720.678711
94,0.783333,-0.000536,0.000182,0.000123,1.000000,263.299591,48.709290,755.547058,13.247818,54.995464,766.050598,138.456558,55.561150,765.657410,513.803955,56.389252,761.800659,388.478363,57.301598,763.492920,262.511627,19.298935,720.733459,13.231704,54.946026,766.030212,138.450500,55.566715,765.690002,513.907166,56.209255,761.774719,388.427277,57.576927,763.546997,262.485901,19.271467,720.698303
95,0.791667,0.000245,0.000106,-0.000046,1.000000,263.272003,48.685917,755.569763,13.220817,55.040104,766.045532,138.429794,55.564121,765.672058,513.778015,56.271507,761.872986,388.452484,57.223522,763.547913,262.479431,19.330284,720.710083,13.200224,55.026386,766.042969,138.468155,55.609818,765.691772,513.921387,56.316093,761.895264,388.253571,57.139210,763.506042,262.502014,19.331083,720.708984
96,0.800000,0.000512,0.000089,-0.000059,1.000000,263.274414,48.646137,755.580261,13.223022,55.001629,766.050964,138.432022,55.522388,765.682068,513.780396,56.221451,761.895996,388.454865,57.176029,763.567139,262.482178,19.309147,720.704895,13.240528,55.026493,766.052002,138.488205,55.566986,765.719604,513.880554,56.382397,761.956787,388.205719,56.914829,763.464417,262.511566,19.299391,720.692688
97,0.808333,0.000829,0.000096,0.000003,1.000000,263.286499,48.648605,755.534241,13.234467,54.966454,766.012085,138.443390,55.502975,765.641907,513.791687,56.250980,761.851685,388.466003,57.188957,763.525024,262.497467,19.333630,720.640320,13.256924,54.996964,765.983704,138.469833,55.549088,765.729126,513.851196,56.421230,761.906006,388.252289,56.907898,763.405762,262.562347,19.325167,720.629517
98,0.816667,0.000603,0.000052,0.000106,1.000000,263.302307,48.720428,755.560242,13.248056,54.991447,766.013428,138.456909,55.553623,765.653931,513.805359,56.377323,761.896057,388.479279,57.290207,763.558044,262.522339,19.389496,720.679504,13.244318,54.992565,765.996460,138.412720,55.585632,765.700623,513.836914,56.412510,761.897278,388.469269,57.246117,763.556213,262.547302,19.366173,720.652100
99,0.825000,0.000046,0.000054,0.000091,1.000000,263.293030,48.750751,755.581726,13.238997,55.040932,766.028687,138.447861,55.598946,765.668152,513.796326,56.407162,761.908264,388.470337,57.325668,763.569580,262.512085,19.381002,720.733704,13.232917,55.043114,766.042786,138.470306,55.618591,765.683899,513.868713,56.414211,761.937195,388.362976,57.331348,763.551453,262.526459,19.346397,720.692078
100,0.833333,-0.000138,0.000184,-0.000209,1.000000,263.220367,48.694237,755.541504,13.172894,55.138367,766.051208,138.381973,55.621078,765.657959,513.729797,56.202587,761.800049,388.404877,57.196941,763.493652,262.412720,19.312168,720.704468,13.218407,55.115692,766.052490,138.438782,55.652515,765.681274,513.637634,56.155334,761.806702,388.290558,57.246971,763.476379,262.509491,19.301853,720.689453
101,0.841667,0.000097,0.000324,-0.000293,1.000000,263.248596,48.649994,755.513245,13.205141,55.130825,766.095825,138.414169,55.592873,765.667786,513.761047,56.113689,761.705322,388.436737,57.128117,763.434387,262.426331,19.284418,720.662659,13.208191,55.101898,766.083069,138.446777,55.653355,765.681946,513.808105,56.133389,761.682617,388.250916,57.055321,763.440796,262.509613,19.299274,720.679321
102,0.850000,0.000203,0.000388,-0.000253,1.000000,263.275421,48.615288,755.538513,13.232827,55.074181,766.154846,138.441772,55.546185,765.710693,513.788086,56.097408,761.699768,388.463928,57.101597,763.445312,262.450958,19.257029,720.681824,13.255863,55.051579,766.126099,138.440445,55.609116,765.718750,513.887634,56.178108,761.650452,388.249084,56.916195,763.469177,262.515350,19.296690,720.730591
103,0.858333,0.000910,0.000281,-0.000299,1.000000,263.274170,48.583923,755.578674,13.229877,55.050770,766.150208,138.438965,55.511890,765.733704,513.786194,56.034298,761.804565,388.461700,57.047531,763.524475,262.454529,19.275095,720.680298,13.233995,55.032009,766.121216,138.450653,55.585224,765.758301,513.867432,56.131760,761.768799,388.272339,56.844383,763.534363,262.521393,19.300873,720.711731
104,0.866667,0.000704,0.000208,-0.000425,1.000000,263.220825,48.548565,755.580872,13.176650,55.082764,766.113464,138.385895,55.512169,765.714966,513.733826,55.938377,761.839905,388.409332,56.983898,763.541260,262.398834,19.225569,720.694397,13.238510,55.033772,766.062378,138.447327,55.584633,765.722473,513.684082,55.956463,761.731567,388.205658,56.877716,763.638428,262.506012,19.279547,720.761292
105,0.875000,-0.000046,0.000213,-0.000161,1.000000,263.302307,48.636337,755.573608,13.254822,55.054329,766.099243,138.463821,55.549229,765.698669,513.811401,56.167774,761.818848,388.486450,57.149685,763.520020,262.495453,19.260618,720.731262,13.252544,55.027203,766.058655,138.469650,55.555511,765.708740,513.836182,56.095795,761.716125,388.450562,57.243462,763.651550,262.500275,19.263523,720.738098
106,0.883333,0.000030,0.000180,-0.000032,1.000000,263.259338,48.637074,755.589783,13.209522,54.989059,766.099792,138.418442,55.516277,765.707642,513.766113,56.232098,761.852722,388.440796,57.181469,763.545776,262.462372,19.266420,720.742859,13.212314,54.995659,766.062500,138.442963,55.505177,765.753357,513.809570,56.205570,761.803589,388.341919,57.231720,763.608643,262.483856,19.250267,720.724915
107,0.891667,0.000068,0.000100,-0.000075,1.000000,263.219330,48.631401,755.591919,13.168365,55.003902,766.062561,138.377380,55.520477,765.690308,513.725769,56.204594,761.895447,388.400208,57.164520,763.568542,262.425415,19.263462,720.742676,13.210791,54.985107,766.011902,138.425400,55.582207,765.768555,513.776794,56.246468,761.873718,388.190277,57.076572,763.572693,262.467346,19.257795,720.736145
108,0.900000,-0.000036,0.000178,-0.000042,1.000000,263.223663,48.603264,755.607605,13.173938,54.961498,766.115723,138.382858,55.486229,765.723999,513.730530,56.194237,761.870605,388.405243,57.146271,763.562988,262.426300,19.228041,720.764587,13.182279,54.972660,766.083313,138.424301,55.533100,765.781372,513.804565,56.312214,761.867737,388.201874,56.943645,763.536377,262.475403,19.228430,720.766296
109,0.908333,0.000542,0.000292,-0.000216,1.000000,263.204315,48.528740,755.563171,13.159185,54.961658,766.135437,138.368179,55.443367,765.715881,513.715210,56.025494,761.778076,388.390594,57.019089,763.500000,262.388794,19.194044,720.686523,13.190346,54.952034,766.134216,138.420685,55.492611,765.705444,513.667358,56.095448,761.758179,388.205048,56.848904,763.485046,262.518036,19.234478,720.733765
110,0.916667,0.000333,0.000328,-0.000245,1.000000,263.239777,48.525490,755.529541,13.195783,54.977383,766.117432,138.404785,55.451630,765.688477,513.751587,56.010262,761.722839,388.427155,57.011871,763.453552,262.420013,19.176266,720.665100,13.175624,54.999714,766.073914,138.420929,55.474003,765.728088,513.817627,56.136135,761.675842,388.242737,56.776863,763.460876,262.518890,19.209873,720.708130
111,0.925000,0.000643,0.000336,-0.000164,1.000000,263.248016,48.539116,755.494751,13.203174,54.944252,766.090576,138.412094,55.438877,765.659912,513.758728,56.060284,761.688904,388.434174,57.040684,763.422119,262.432434,19.211449,720.612183,13.167007,54.956829,766.038025,138.445099,55.469475,765.705688,513.869019,56.185020,761.637817,388.228424,56.804337,763.431946,262.504272,19.248363,720.658447
112,0.933333,0.000736,0.000235,-0.000087,1.000000,263.254700,48.538788,755.508545,13.206720,54.903210,766.054749,138.415634,55.417320,765.649658,513.762939,56.097641,761.754883,388.437927,57.058292,763.462891,262.450714,19.217436,720.620361,13.174603,54.866920,766.002991,138.455399,55.522629,765.717102,513.855286,56.185543,761.717896,388.222137,56.858837,763.462769,262.538177,19.236656,720.643555
113,0.941667,0.000695,0.000168,-0.000075,1.000000,263.254395,48.521862,755.526428,13.204872,54.881260,766.038818,138.413834,55.398285,765.650330,513.761658,56.087112,761.805542,388.436371,57.044956,763.496765,262.455750,19.197649,720.640503,13.158779,54.824142,765.994080,138.457596,55.511665,765.694885,513.840027,56.140018,761.763062,388.234772,56.883213,763.498718,262.559326,19.234249,720.683777
114,0.950000,0.001067,0.000149,-0.000083,0.999999,263.240997,48.560596,755.515747,13.191164,54.916248,766.023438,138.400146,55.431519,765.640076,513.748169,56.117085,761.809937,388.422791,57.075714,763.497192,262.443176,19.262383,720.607910,13.178609,54.874138,765.978821,138.436890,55.513393,765.664124,513.821411,56.191505,761.768494,388.248810,56.882507,763.490967,262.498901,19.319559,720.676514
115,0.958333,0.000701,0.000172,-0.000061,1.000000,263.237366,48.565563,755.520874,13.187737,54.917881,766.035339,138.396683,55.438396,765.645874,513.744446,56.137733,761.798096,388.419159,57.092064,763.490295,262.439240,19.241707,720.634644,13.158058,54.910709,766.029419,138.424500,55.496365,765.638184,513.827087,56.248959,761.777710,388.241943,56.867680,763.480835,262.514069,19.275246,720.676392
116,0.966667,-0.000065,0.000097,0.000085,1.000000,263.291718,48.613171,755.570740,13.238668,54.908722,766.038208,138.447525,55.465134,765.666626,513.795593,56.267941,761.873718,388.469818,57.188343,763.545837,262.507385,19.235682,720.729370,13.202879,54.916409,766.005676,138.459045,55.467865,765.703613,513.811157,56.271011,761.822754,388.470673,57.198528,763.617615,262.514618,19.212555,720.705200
117,0.975000,0.000110,0.000100,0.000154,1.000000,263.279114,48.649097,755.550537,13.225258,54.906406,766.021362,138.434021,55.480251,765.649353,513.782043,56.336288,761.854980,388.456055,57.238781,763.528015,262.498688,19.283730,720.698853,13.235302,54.898342,766.002869,138.432495,55.516476,765.682739,513.846069,56.353264,761.828735,388.361084,57.217773,763.569885,262.516724,19.259300,720.670532
118,0.983333,0.000269,0.000035,0.000120,1.000000,263.279663,48.679356,755.553162,13.224899,54.950005,765.993652,138.433731,55.515621,765.638062,513.782288,56.347836,761.892456,388.456177,57.258148,763.549561,262.501770,19.325129,720.692017,13.216200,54.942787,765.986755,138.468124,55.586086,765.665894,513.885437,56.445755,761.898071,388.270691,57.093040,763.536255,262.538116,19.313562,720.678528
119,0.991667,0.000573,0.000217,-0.000117,1.000000,263.223877,48.660622,755.486511,13.175905,55.043709,766.021667,138.384872,55.550064,765.620911,513.732361,56.206253,761.739380,388.407349,57.175091,763.442505,262.419373,19.327942,720.607788,13.233843,55.002831,765.969849,138.431000,55.631474,765.675598,513.680969,56.246029,761.700623,388.248840,57.052448,763.442322,262.513000,19.360439,720.645874
120,1.000000,0.000392,0.000345,-0.000184,1.000000,263.281281,48.642769,755.469543,13.236880,55.063099,766.066345,138.445801,55.552563,765.633423,513.792419,56.157162,761.655701,388.467896,57.143375,763.390564,262.463928,19.297607,720.601685,13.226003,55.040348,765.988525,138.475052,55.607990,765.698547,513.846130,56.224216,761.581421,388.285492,56.973358,763.417175,262.554810,19.349733,720.665955
121,1.008333,0.000792,0.000368,-0.000216,1.000000,263.286438,48.623833,755.481323,13.242930,55.051823,766.094971,138.451874,55.533558,765.656555,513.798279,56.117130,761.661621,388.473999,57.110039,763.403198,262.465576,19.306580,720.590027,13.223221,55.022320,766.055786,138.474197,55.590923,765.671936,513.879456,56.173252,761.606750,388.293579,56.956219,763.420410,262.544067,19.360374,720.654785
122,1.016667,0.000136,0.000260,-0.000055,1.000000,263.333984,48.654919,755.530701,13.286114,55.016193,766.081787,138.494995,55.537724,765.669800,513.842102,56.237072,761.755493,388.517059,57.191856,763.468567,262.530121,19.291704,720.677734,13.285414,55.006561,766.072449,138.439133,55.531651,765.662354,513.898071,56.172611,761.685791,388.501678,57.291065,763.574463,262.546661,19.277906,720.663696
123,1.025000,-0.000520,0.000103,-0.000029,1.000000,263.290863,48.671848,755.565186,13.239354,55.033493,766.029419,138.448334,55.561234,765.656067,513.796570,56.275665,761.858582,388.470978,57.225945,763.531128,262.499512,19.262867,720.750488,13.267309,55.047089,766.053101,138.439987,55.557159,765.655090,513.902771,56.250603,761.862976,388.317352,57.297256,763.565979,262.517212,19.211740,720.690369
124,1.033333,0.000149,0.000145,-0.000162,1.000000,263.253815,48.605194,755.572205,13.204903,55.019833,766.066040,138.413971,55.514519,765.682800,513.762146,56.133446,761.854736,388.436890,57.115070,763.539062,262.451660,19.243053,720.718262,13.228572,55.011185,766.059753,138.474152,55.557789,765.731445,513.730957,56.139954,761.870667,388.282104,57.096039,763.509094,262.545044,19.219776,720.687256
125,1.041667,0.000648,0.000132,-0.000165,1.000000,263.274658,48.601551,755.562317,13.225526,55.007118,766.055908,138.434601,55.501492,765.676514,513.782837,56.122154,761.858948,388.457611,57.102795,763.540894,262.473297,19.274170,720.679077,13.229198,54.986099,766.036621,138.462112,55.596325,765.703918,513.853516,56.234913,761.838501,388.266052,56.881824,763.544922,262.534607,19.281528,720.688477
126,1.050000,0.000670,0.000213,-0.000302,1.000000,263.260406,48.520599,755.547180,13.214737,54.993973,766.081848,138.423859,55.454170,765.682068,513.771667,55.972511,761.803223,388.446930,56.987301,763.505737,262.445312,19.194996,720.662781,13.265450,54.975048,766.023804,138.501755,55.500515,765.708252,513.731934,56.044319,761.729248,388.262390,56.808380,763.544556,262.516693,19.254175,720.735840
127,1.058333,0.000487,0.000316,-0.000407,1.000000,263.272797,48.503708,755.485779,13.230652,55.033531,766.069580,138.439819,55.467243,765.643860,513.786865,55.905216,761.687500,388.462708,56.946987,763.415466,262.444336,19.165525,720.612305,13.283154,54.991653,765.996948,138.507294,55.515686,765.654297,513.761719,55.920727,761.545593,388.249084,56.840797,763.544434,262.535797,19.238258,720.702881
128,1.066667,0.000496,0.000348,-0.000344,1.000000,263.313110,48.538464,755.500488,13.270825,55.036373,766.100281,138.479904,55.485981,765.666626,513.826599,55.971645,761.686523,388.502472,56.997486,763.422424,262.486176,19.200800,720.626526,13.288591,55.007473,766.049072,138.484283,55.534081,765.659607,513.931519,56.021152,761.552917,388.285095,56.854176,763.556885,262.550415,19.256733,720.697693
129,1.075000,0.000153,0.000212,-0.000137,1.000000,263.340363,48.633724,755.560852,13.292521,55.035427,766.088257,138.501526,55.536552,765.688232,513.849060,56.174816,761.809875,388.524048,57.149982,763.510986,262.535034,19.271801,720.706848,13.281137,55.016357,766.062927,138.482193,55.556225,765.699646,513.876953,56.149620,761.747986,388.544067,57.187157,763.600647,262.519806,19.260555,720.696045
130,1.083333,0.000094,0.000037,-0.000051,1.000000,263.300385,48.680950,755.617310,13.247787,55.040977,766.056335,138.456818,55.563545,765.700134,513.805603,56.265766,761.953125,388.479828,57.219627,763.610291,262.512329,19.314789,720.766418,13.274288,55.036720,766.054138,138.466400,55.613529,765.740540,513.866333,56.310539,761.977600,388.367249,57.165325,763.593201,262.521423,19.276667,720.720642
131,1.091667,0.000365,-0.000032,-0.000020,1.000000,263.296692,48.684902,755.618408,13.242304,55.024029,766.026672,138.451340,55.554420,765.687866,513.800598,56.281551,761.992615,388.474518,57.226875,763.633118,262.515198,19.337597,720.751526,13.298761,55.036606,766.041992,138.488586,55.625328,765.732910,513.875732,56.420139,762.076233,388.265991,57.028755,763.535645,262.524292,19.292212,720.695984
132,1.100000,0.000478,0.000028,-0.000232,1.000000,263.253662,48.567535,755.605835,13.203203,55.010201,766.045227,138.412415,55.487648,765.691711,513.761536,56.056667,761.952026,388.436035,57.054691,763.607605,262.455597,19.228439,720.732361,13.253314,55.008106,766.052429,138.479401,55.559284,765.716370,513.696777,56.175194,762.003113,388.247223,56.825394,763.500183,262.557068,19.238003,720.741699
133,1.108333,0.000571,0.000165,-0.000291,1.000000,263.270905,48.502571,755.553955,13.224095,54.972794,766.063171,138.433258,55.435532,765.675354,513.781372,55.960960,761.832825,388.456482,56.973465,763.523010,262.459808,19.170069,720.675293,13.275413,54.969704,766.032593,138.477509,55.496853,765.686707,513.807190,56.129341,761.816772,388.261505,56.634197,763.484131,262.492065,19.223280,720.741211
134,1.116667,0.000155,0.000165,-0.000123,1.000000,263.288666,48.568306,755.538818,13.239712,54.963093,766.042908,138.448715,55.467659,765.654602,513.796631,56.116241,761.811218,388.471436,57.087963,763.500671,262.487427,19.206528,720.684509,13.223160,54.945049,765.985596,138.442993,55.490280,765.683838,513.877319,56.131992,761.724548,388.394836,57.037037,763.577026,262.505219,19.234531,720.721313
135,1.125000,-0.000389,0.000138,0.000082,1.000000,263.325317,48.710590,755.533691,13.273149,55.014172,766.017334,138.481964,55.569714,765.635193,513.829773,56.368195,761.811401,388.504089,57.290310,763.492981,262.537994,19.310535,720.711426,13.227438,54.956703,765.976440,138.441589,55.560246,765.659302,513.887939,56.160271,761.734741,388.597076,57.605850,763.604004,262.499603,19.305363,720.705017
136,1.133333,-0.000086,0.000048,0.000118,1.000000,263.292175,48.709980,755.567139,13.237685,54.989326,766.009521,138.446503,55.554047,765.650330,513.794983,56.381672,761.894592,388.468933,57.293812,763.554199,262.513214,19.331009,720.726868,13.237847,54.961548,765.969177,138.475235,55.539612,765.715332,513.880615,56.234493,761.872375,388.354004,57.527122,763.584106,262.504150,19.309513,720.698730
137,1.141667,0.000145,0.000103,-0.000200,1.000000,263.224884,48.627079,755.550964,13.175577,55.060532,766.023865,138.384705,55.545837,765.651123,513.733154,56.136635,761.854370,388.407928,57.127655,763.528198,262.423431,19.264696,720.697205,13.237184,55.005127,765.963867,138.423035,55.620159,765.734131,513.689209,56.079437,761.797302,388.232452,57.175259,763.573914,262.531372,19.260296,720.690186
138,1.150000,0.000179,0.000189,-0.000335,1.000000,263.258209,48.567570,755.520081,13.212472,55.067680,766.036621,138.421677,55.519276,765.642273,513.769653,56.009197,761.780701,388.444916,57.033871,763.476257,262.442841,19.207796,720.664490,13.249501,55.012703,765.983521,138.489670,55.639458,765.686218,513.827942,56.092697,761.730774,388.181885,56.815723,763.495544,262.496735,19.243835,720.708374
139,1.158333,0.000799,0.000338,-0.000416,1.000000,263.231262,48.485004,755.474060,13.189734,55.012547,766.072876,138.398865,55.444359,765.641846,513.745789,55.878296,761.669434,388.421722,56.921158,763.403564,262.400818,19.168615,720.582275,13.198720,54.954655,766.000305,138.431870,55.568108,765.700439,513.753418,55.984241,761.613037,388.244141,56.639259,763.389587,262.504425,19.241613,720.669678
140,1.166667,0.000489,0.000428,-0.000314,1.000000,263.271362,48.517738,755.460632,13.230383,55.000877,766.100464,138.439377,55.457951,765.646606,513.785400,55.965942,761.606262,388.461487,56.984333,763.362305,262.440552,19.179548,720.587219,13.222754,54.957874,766.027283,138.458572,55.558468,765.695374,513.861206,56.108215,761.558350,388.294891,56.650024,763.326721,262.494965,19.264688,720.691284
141,1.175000,0.000320,0.000406,-0.000312,1.000000,263.314331,48.559444,755.513672,13.272852,55.045013,766.140076,138.481857,55.502510,765.691772,513.828125,56.010895,761.668091,388.504089,57.029293,763.418152,262.485260,19.209480,720.650146,13.308965,55.005119,766.029602,138.526138,55.502785,765.741150,513.749084,55.951313,761.515381,388.457733,57.051910,763.530945,262.523682,19.283478,720.741699
142,1.183333,0.000273,0.000471,-0.000357,1.000000,263.307159,48.571720,755.524414,13.267666,55.081093,766.183044,138.476639,55.527134,765.718201,513.822388,56.000923,761.645264,388.498718,57.030910,763.411621,262.470825,19.218506,720.663696,13.294101,55.040134,766.090454,138.503525,55.530094,765.766479,513.820435,55.895332,761.485413,388.330780,57.130939,763.560669,262.568451,19.266842,720.723511
143,1.191667,0.000137,0.000441,-0.000234,1.000000,263.309418,48.630699,755.499939,13.267696,55.081287,766.141663,138.476578,55.558090,765.684326,513.822449,56.123356,761.633911,388.498413,57.122910,763.392456,262.482422,19.267817,720.647217,13.299601,55.045609,766.081726,138.492676,55.609764,765.719727,513.896973,56.119518,761.524841,388.249847,57.075283,763.502991,262.574768,19.295759,720.682739
144,1.200000,0.000522,0.000304,-0.000157,1.000000,263.285950,48.647598,755.498413,13.240308,55.051735,766.076477,138.449249,55.548050,765.653870,513.796082,56.173866,761.706909,388.471466,57.152889,763.431763,262.473022,19.311407,720.622925,13.265100,55.037594,766.043335,138.508820,55.600357,765.670410,513.866943,56.257843,761.665283,388.204224,56.956032,763.441406,262.536804,19.353136,720.673645
145,1.208333,0.000367,0.000098,-0.000101,1.000000,263.261688,48.640034,755.524719,13.211012,55.019142,765.997986,138.420044,55.529495,765.626648,513.768433,56.196571,761.833862,388.442963,57.161942,763.506897,262.466400,19.292992,720.657898,13.230635,54.997314,765.970642,138.459595,55.593128,765.665649,513.850769,56.287453,761.862488,388.222351,56.954929,763.400818,262.508667,19.335440,720.707153
146,1.216667,0.000884,0.000039,-0.000016,1.000000,263.263397,48.645126,755.556824,13.210416,54.971378,766.006958,138.419418,55.503159,765.651062,513.768127,56.237244,761.903564,388.442291,57.179825,763.562744,262.477234,19.333996,720.659607,13.163790,54.960564,766.014282,138.457275,55.570972,765.669006,513.862183,56.346153,761.963013,388.246490,56.956242,763.431580,262.560791,19.359205,720.686462
147,1.225000,0.000728,0.000062,0.000014,1.000000,263.268158,48.710041,755.576965,13.215274,55.024212,766.036804,138.424210,55.563564,765.674866,513.772705,56.319515,761.909668,388.446869,57.254921,763.574341,262.482147,19.387955,720.688965,13.203231,55.058182,766.069458,138.456573,55.590096,765.666382,513.871338,56.464855,761.967041,388.235382,57.025742,763.490723,262.542816,19.380949,720.680481
148,1.233333,0.000757,0.000032,0.000024,1.000000,263.249573,48.749832,755.593628,13.195932,55.058308,766.038757,138.404892,55.600235,765.684448,513.753601,56.364029,761.941772,388.427673,57.296791,763.599060,262.466248,19.429750,720.703857,13.252212,55.105591,766.051636,138.434570,55.601501,765.703613,513.836304,56.485786,761.990479,388.177521,57.118732,763.527344,262.505402,19.413937,720.684998
149,1.241667,0.000346,0.000035,0.000014,1.000000,263.252594,48.774673,755.572205,13.199121,55.096855,766.013367,138.408096,55.635914,765.657959,513.756775,56.388935,761.912964,388.430908,57.325626,763.570007,262.468475,19.426001,720.706543,13.246529,55.109142,766.046265,138.447327,55.710922,765.672180,513.851196,56.526855,761.979248,388.193756,57.128033,763.512085,262.489166,19.374916,720.645752
150,1.250000,0.000122,0.000045,0.000027,1.000000,263.268921,48.732372,755.603394,13.215512,55.052681,766.046875,138.424454,55.594868,765.688660,513.773071,56.356060,761.935486,388.447174,57.290211,763.594727,262.484863,19.368006,720.750916,13.222295,55.088131,766.096741,138.469376,55.650097,765.693054,513.852417,56.504124,762.005127,388.232025,57.095798,763.544800,262.541107,19.301012,720.671143
151,1.258333,0.000213,0.000230,-0.000198,1.000000,263.248230,48.687569,755.565247,13.201594,55.118752,766.102600,138.410629,55.604530,765.698059,513.758118,56.197098,761.805908,388.433289,57.187477,763.511780,262.438019,19.329954,720.707642,13.245266,55.099873,766.087402,138.486694,55.662918,765.706116,513.685425,56.241596,761.765625,388.270905,57.076733,763.540649,262.537964,19.348204,720.729858
152,1.266667,0.000089,0.000436,-0.000292,1.000000,263.311066,48.694038,755.522827,13.269991,55.174469,766.161743,138.478928,55.636795,765.705383,513.824890,56.158405,761.658325,388.500946,57.172573,763.415649,262.481018,19.327906,720.672913,13.265203,55.092819,766.072815,138.454300,55.665546,765.749695,513.782349,55.964550,761.481201,388.506714,57.396183,763.603516,262.541656,19.355772,720.707336
153,1.275000,-0.000215,0.000540,-0.000234,1.000000,263.320526,48.710068,755.485779,13.280928,55.168144,766.172668,138.489716,55.644623,765.690063,513.834778,56.207031,761.564697,388.511078,57.207825,763.347412,262.486633,19.322670,720.653870,13.278310,55.066242,766.063904,138.466751,55.709236,765.750366,513.929810,56.032433,761.362366,388.349701,57.383480,763.554199,262.565033,19.358229,720.698181
154,1.283333,0.000183,0.000467,-0.000235,1.000000,263.295074,48.666077,755.518982,13.253927,55.116440,766.174561,138.462814,55.592911,765.710571,513.808472,56.157410,761.640381,388.484528,57.157181,763.405640,262.466156,19.306389,720.663635,13.264471,55.078903,766.098633,138.465851,55.618885,765.749390,513.932739,56.109726,761.502747,388.197266,57.163601,763.528992,262.581085,19.357723,720.726013
155,1.291667,0.000919,0.000325,-0.000256,1.000000,263.285675,48.636372,755.552856,13.241768,55.081718,766.146423,138.450775,55.553520,765.718933,513.797607,56.107998,761.756836,388.473206,57.110519,763.487732,262.465485,19.328074,720.653992,13.256242,55.056988,766.107788,138.469940,55.612144,765.732300,513.880981,56.183098,761.700684,388.247894,56.920864,763.507690,262.541504,19.382257,720.719360
156,1.300000,0.000769,0.000204,-0.000144,1.000000,263.333557,48.645519,755.572083,13.285666,55.038162,766.103577,138.494675,55.537823,765.706116,513.842346,56.174995,761.834106,388.517273,57.150024,763.534546,262.528290,19.326551,720.681885,13.300362,55.049877,766.083130,138.535660,55.590759,765.732971,513.904297,56.342461,761.840393,388.279205,56.825840,763.468384,262.599487,19.359316,720.722473
157,1.308333,0.000315,0.000041,-0.000124,1.000000,263.342743,48.655029,755.592590,13.291150,55.047016,766.036377,138.500275,55.551434,765.679504,513.849121,56.200420,761.929749,388.523529,57.171875,763.588318,262.550079,19.304367,720.728760,13.324638,55.067951,766.060303,138.556473,55.600452,765.663025,513.886597,56.379562,761.980042,388.283691,56.842800,763.487366,262.608215,19.323481,720.752380
158,1.316667,0.000477,-0.000028,0.000136,1.000000,263.347931,48.762665,755.601257,13.291627,55.021023,766.012695,138.500488,55.590763,765.673157,513.849487,56.436466,761.975525,388.523132,57.342113,763.617126,262.575378,19.422916,720.727783,13.298788,55.050617,766.039612,138.483017,55.604176,765.684448,513.896973,56.515278,762.031311,388.509827,57.269699,763.581970,262.552795,19.373486,720.668823
159,1.325000,-0.000633,0.000012,0.000229,1.000000,263.335327,48.844460,755.557373,13.278693,55.079693,765.974792,138.487427,55.671829,765.624023,513.835938,56.578716,761.894531,388.509583,57.464832,763.544067,262.565430,19.427193,720.749207,13.281216,55.045605,766.002808,138.491318,55.664780,765.635010,513.695618,56.341999,761.911255,388.658020,57.891037,763.600586,262.564392,19.344025,720.646790
160,1.333333,-0.001446,0.000118,0.000412,0.999999,263.349121,48.879765,755.561951,13.292432,55.040440,766.022217,138.500854,55.677811,765.643982,513.848206,56.715946,761.833496,388.521881,57.558895,763.508118,262.582672,19.405693,720.801819,13.284596,55.014484,766.043152,138.461838,55.611603,765.696045,513.839172,56.327881,761.905457,388.691254,58.347546,763.509399,262.524780,19.293180,720.659668
161,1.341667,-0.000965,0.000089,0.000312,1.000000,263.283386,48.799274,755.582458,13.227314,55.000000,766.034302,138.435898,55.612644,765.663818,513.783691,56.579216,761.875854,388.457428,57.445667,763.544128,262.513000,19.358793,720.793945,13.233336,55.002464,766.087585,138.434433,55.555107,765.677246,513.881714,56.358421,761.981262,388.362885,57.870510,763.475769,262.496124,19.272339,720.682861
162,1.350000,0.000343,0.000172,-0.000104,1.000000,263.241699,48.616398,755.580505,13.192624,54.997715,766.090637,138.401627,55.507198,765.700684,513.749451,56.171532,761.852051,388.424225,57.137840,763.543701,262.441071,19.267662,720.715210,13.228601,54.967312,766.084106,138.457138,55.555874,765.738037,513.738647,56.142643,761.865845,388.209412,57.151299,763.497986,262.553009,19.268633,720.710754
163,1.358333,0.000802,0.000237,-0.000326,1.000000,263.277863,48.570381,755.519775,13.233006,55.053139,766.068054,138.442154,55.507347,765.662354,513.789795,56.008434,761.765869,388.465179,57.028873,763.474670,262.459656,19.254063,720.627625,13.256606,55.038540,766.055542,138.463745,55.580517,765.665588,513.856934,56.137547,761.760315,388.272705,56.765644,763.439880,262.506989,19.290020,720.671082
164,1.366667,0.000417,0.000280,-0.000213,1.000000,263.312225,48.571873,755.551331,13.266802,55.006176,766.115967,138.475800,55.488407,765.699280,513.822937,56.071445,761.770325,388.498291,57.064838,763.489014,262.497681,19.228460,720.681885,13.269701,54.988125,766.110352,138.455978,55.548405,765.679199,513.862427,56.150528,761.730286,388.481781,56.925770,763.539795,262.491486,19.239807,720.698730
165,1.375000,0.000243,0.000230,-0.000138,1.000000,263.303955,48.576973,755.565918,13.256550,54.977196,766.103760,138.465530,55.478184,765.699219,513.812927,56.116520,761.807007,388.488007,57.091595,763.512939,262.497314,19.221327,720.706665,13.238553,55.015934,766.080261,138.515396,55.477348,765.740234,513.875244,56.215466,761.795044,388.322906,56.945492,763.510437,262.549591,19.216452,720.702820
166,1.383333,0.000372,0.000104,-0.000110,1.000000,263.277710,48.575764,755.604004,13.227283,54.959740,766.080383,138.436325,55.467609,765.707581,513.784668,56.127262,761.910278,388.459259,57.095112,763.584839,262.481445,19.229053,720.737000,13.249180,54.973095,766.086243,138.461456,55.524559,765.723877,513.883545,56.275906,761.941467,388.248016,56.853237,763.535522,262.513702,19.219891,720.726685
167,1.391667,0.000305,0.000001,-0.000094,1.000000,263.279633,48.604790,755.585144,13.226867,54.981827,766.009033,138.435959,55.493828,765.661926,513.785034,56.165497,761.942017,388.459259,57.129391,763.590637,262.491547,19.253365,720.721863,13.240198,54.994968,766.028503,138.448669,55.577469,765.682129,513.876465,56.338665,761.989075,388.242065,56.852089,763.532104,262.556000,19.222996,720.686035
168,1.400000,-0.000239,0.000005,0.000093,1.000000,263.298462,48.664562,755.624817,13.243378,54.959705,766.043884,138.452286,55.518013,765.695251,513.801086,56.325581,761.971375,388.474945,57.244537,763.619934,262.521027,19.274935,720.793457,13.232944,54.960308,766.020081,138.452103,55.560184,765.746216,513.837158,56.380150,761.962952,388.431213,57.172012,763.631409,262.538147,19.249552,720.765015
169,1.408333,0.000110,0.000031,0.000105,1.000000,263.284485,48.707840,755.605591,13.229788,54.989765,766.041992,138.438675,55.551285,765.687256,513.787292,56.370350,761.944458,388.461182,57.285187,763.600220,262.505920,19.342567,720.753723,13.197839,54.983986,766.040771,138.448181,55.582733,765.719849,513.868958,56.392563,761.975647,388.351776,57.245289,763.549500,262.551849,19.332771,720.739624
170,1.416667,-0.000100,0.000043,0.000007,1.000000,263.300690,48.696159,755.601257,13.247490,55.031311,766.040955,138.456467,55.568218,765.682983,513.805176,56.312405,761.930969,388.479248,57.252411,763.589294,262.515564,19.316412,720.761719,13.260993,55.036060,766.062561,138.489578,55.614868,765.687134,513.871826,56.391766,761.970825,388.261658,57.111881,763.527222,262.588104,19.307003,720.749390
171,1.425000,0.000006,0.000128,-0.000078,1.000000,263.303070,48.644257,755.605896,13.252735,55.019688,766.089417,138.461746,55.535404,765.710266,513.809875,56.216621,761.894653,388.484436,57.177567,763.574463,262.507050,19.271965,720.760376,13.284227,55.027763,766.093262,138.525024,55.597321,765.739807,513.854004,56.349632,761.944641,388.228546,56.932911,763.475525,262.571899,19.271532,720.758606
172,1.433333,0.000568,0.000130,-0.000192,1.000000,263.302765,48.600170,755.573303,13.253927,55.020847,766.065125,138.463043,55.508423,765.686035,513.811340,56.108292,761.869568,388.486115,57.095940,763.551025,262.499908,19.267309,720.694763,13.266443,55.021698,766.046692,138.471863,55.601837,765.750610,513.872498,56.288376,761.916138,388.269806,56.758263,763.432312,262.590027,19.273655,720.700928
173,1.441667,-0.000078,0.000188,-0.000185,1.000000,263.322021,48.592834,755.547546,13.274312,55.023407,766.059814,138.483368,55.512325,765.665649,513.831116,56.112759,761.805176,388.506165,57.100742,763.499817,262.515564,19.214907,720.706970,13.274140,55.042858,766.047546,138.547928,55.572800,765.690430,513.854187,56.314434,761.822693,388.322815,56.742817,763.433289,262.572876,19.232847,720.731079
174,1.450000,-0.000085,0.000126,-0.000046,1.000000,263.330597,48.646481,755.560120,13.279825,55.007954,766.041504,138.488800,55.531540,765.662781,513.836853,56.235859,761.848450,388.511414,57.189163,763.527649,262.536591,19.267843,720.719849,13.238511,55.052151,766.037109,138.515198,55.508038,765.660583,513.838135,56.289021,761.795532,388.493225,57.137806,763.613220,262.566284,19.245171,720.696716
175,1.458333,0.000058,0.000117,0.000058,1.000000,263.299042,48.646557,755.580811,13.246775,54.952797,766.059692,138.455627,55.502647,765.683289,513.803589,56.286465,761.875671,388.477936,57.213108,763.552979,262.511749,19.277733,720.732178,13.245320,54.996040,766.058472,138.474319,55.464005,765.689819,513.859497,56.311470,761.853882,388.342651,57.194027,763.584229,262.563904,19.266003,720.719421
176,1.466667,0.000045,0.000068,0.000029,1.000000,263.299103,48.660271,755.570129,13.246149,54.981110,766.024048,138.455063,55.523777,765.660034,513.803467,56.285992,761.889648,388.477692,57.219860,763.554443,262.513611,19.290579,720.722168,13.259308,54.969276,766.012817,138.516159,55.573174,765.695129,513.882080,56.332508,761.908081,388.237244,57.119801,763.503784,262.564941,19.293510,720.724304
177,1.475000,0.000289,0.000074,-0.000038,1.000000,263.323517,48.643513,755.590210,13.271541,54.993080,766.050537,138.480545,55.518993,765.685120,513.828979,56.232273,761.910156,388.503387,57.182281,763.577087,262.533569,19.290903,720.727966,13.252133,55.000355,766.017395,138.569611,55.556934,765.745056,513.898682,56.329712,761.922974,388.282562,56.999928,763.513977,262.583588,19.305092,720.744568
178,1.483333,0.000229,0.000251,-0.000310,1.000000,263.287231,48.576603,755.531616,13.242483,55.063469,766.079468,138.451599,55.521214,765.669800,513.799072,56.029835,761.762146,388.474518,57.048225,763.473267,262.469025,19.220247,720.673218,13.273225,55.024479,766.009277,138.492249,55.603729,765.725647,513.717224,56.110565,761.703491,388.361145,56.838547,763.465576,262.583344,19.289663,720.756775
179,1.491667,0.000549,0.000447,-0.000481,1.000000,263.292145,48.505955,755.448303,13.253748,55.071278,766.098267,138.462845,55.486610,765.639832,513.808899,55.869812,761.585449,388.485382,56.929821,763.346313,262.450256,19.172218,720.571411,13.236032,54.983086,766.021606,138.486420,55.614235,765.662048,513.811340,55.910141,761.464050,388.328003,56.740196,763.418701,262.592865,19.270948,720.690552
180,1.500000,0.000761,0.000586,-0.000470,1.000000,263.278900,48.481312,755.401123,13.243347,55.036724,766.123291,138.452286,55.454956,765.630249,513.797180,55.847977,761.471924,388.474152,56.904533,763.268005,262.427948,19.162325,720.512024,13.243340,54.962784,765.980835,138.443405,55.553154,765.720764,513.866699,55.889545,761.304810,388.296417,56.729393,763.376404,262.533081,19.257187,720.628845
181,1.508333,0.000217,0.000386,-0.000235,1.000000,263.324463,48.561596,755.453796,13.281613,55.011211,766.069336,138.490540,55.487717,765.625732,513.836853,56.052521,761.616272,388.512604,57.052166,763.361328,262.501221,19.204325,720.596252,13.214511,54.934910,765.980652,138.463593,55.577782,765.668701,513.917175,56.025593,761.455627,388.492188,57.033009,763.526306,262.535797,19.230766,720.632263
182,1.516667,0.000196,0.000318,-0.000180,1.000000,263.291962,48.571274,755.507568,13.246923,54.993561,766.088745,138.455872,55.483959,765.662109,513.802673,56.090294,761.703918,388.478088,57.076088,763.431763,262.476685,19.212425,720.651184,13.235165,54.912754,765.977173,138.503113,55.549637,765.752625,513.782959,55.995510,761.572388,388.367249,57.140827,763.530273,262.565735,19.255205,720.702637
183,1.525000,0.000198,0.000291,-0.000168,1.000000,263.329559,48.608269,755.546631,13.283819,55.024387,766.114380,138.492767,55.517857,765.694519,513.839722,56.133392,761.756470,388.515045,57.116112,763.477600,262.516907,19.249556,720.690063,13.285992,54.986050,766.027344,138.522552,55.566368,765.770142,513.887390,56.142483,761.682495,388.316620,57.031021,763.496704,262.619019,19.309074,720.761169
184,1.533333,0.000534,0.000290,-0.000181,1.000000,263.298737,48.589611,755.549866,13.253153,55.005360,766.121094,138.462097,55.495739,765.701965,513.809082,56.103828,761.765503,388.484436,57.088764,763.486938,262.485413,19.254318,720.673584,13.238496,55.016598,766.081055,138.506638,55.530266,765.752625,513.836365,56.207722,761.741272,388.280975,56.875652,763.458313,262.604950,19.287436,720.713501
185,1.541667,0.000491,0.000180,-0.000182,1.000000,263.287415,48.555241,755.554626,13.239503,54.972237,766.070435,138.448563,55.462406,765.678772,513.796448,56.069637,761.824585,388.471405,57.054893,763.518433,262.481689,19.216990,720.680664,13.228297,54.963100,766.028076,138.497269,55.546749,765.728638,513.844971,56.228718,761.805420,388.252106,56.724232,763.474182,262.574615,19.257017,720.729980
