Format Version,1.25,Take Name,Take 2026-08-14 08.59.11 AM,Take Notes,,Capture Frame Rate,120.000000,Export Frame Rate,120.000000,Capture Start Time,2026-08-14 08.59.11.625 AM,Capture Start Frame,151764,Total Frames in Take,150,Total Exported Frames,150,Rotation Type,Quaternion,Length Units,Millimeters,Coordinate Space,Global

,Type,Rigid Body,Rigid Body,Rigid Body,Rigid Body,Rigid Body,Rigid Body,Rigid Body,Rigid Body Marker,Rigid Body Marker,Rigid Body Marker,Rigid Body Marker,Rigid Body Marker,Rigid Body Marker,Rigid Body Marker,Rigid Body Marker,Rigid Body Marker,Marker,Marker,Marker,Marker,Marker,Marker,Marker,Marker,Marker,Marker,Marker,Marker,Marker,Marker,Marker,Marker,Marker,Marker,Marker,Marker,Marker,Marker,Marker,Marker,Marker,Marker,Marker,Marker,Marker,Marker,Marker,Marker,Marker,Marker,Marker,Marker,Marker,Marker,Marker,Marker,Marker,Marker,Marker,Marker,Marker,Marker,Marker,Marker,Marker,Marker,Marker,Marker,Marker,Marker
,Name,Rigid Body 002,Rigid Body 002,Rigid Body 002,Rigid Body 002,Rigid Body 002,Rigid Body 002,Rigid Body 002,Rigid Body 002:Marker 001,Rigid Body 002:Marker 001,Rigid Body 002:Marker 001,Rigid Body 002:Marker 002,Rigid Body 002:Marker 002,Rigid Body 002:Marker 002,Rigid Body 002:Marker 003,Rigid Body 002:Marker 003,Rigid Body 002:Marker 003,Rigid Body 002:Marker 001,Rigid Body 002:Marker 001,Rigid Body 002:Marker 001,Rigid Body 002:Marker 002,Rigid Body 002:Marker 002,Rigid Body 002:Marker 002,Rigid Body 002:Marker 003,Rigid Body 002:Marker 003,Rigid Body 002:Marker 003,Unlabeled 1011,Unlabeled 1011,Unlabeled 1011,Unlabeled 1012,Unlabeled 1012,Unlabeled 1012,Unlabeled 1013,Unlabeled 1013,Unlabeled 1013,Unlabeled 1014,Unlabeled 1014,Unlabeled 1014,Unlabeled 1015,Unlabeled 1015,Unlabeled 1015,Unlabeled 1016,Unlabeled 1016,Unlabeled 1016,Unlabeled 1017,Unlabeled 1017,Unlabeled 1017,Unlabeled 1018,Unlabeled 1018,Unlabeled 1018,Unlabeled 1019,Unlabeled 1019,Unlabeled 1019,Unlabeled 1020,Unlabeled 1020,Unlabeled 1020,Unlabeled 1021,Unlabeled 1021,Unlabeled 1021,Unlabeled 1022,Unlabeled 1022,Unlabeled 1022,Unlabeled 1023,Unlabeled 1023,Unlabeled 1023,Unlabeled 1024,Unlabeled 1024,Unlabeled 1024,Unlabeled 1025,Unlabeled 1025,Unlabeled 1025
,ID,E1265734979C11F1ABE2E0AD00C477B3,E1265734979C11F1ABE2E0AD00C477B3,E1265734979C11F1ABE2E0AD00C477B3,E1265734979C11F1ABE2E0AD00C477B3,E1265734979C11F1ABE2E0AD00C477B3,E1265734979C11F1ABE2E0AD00C477B3,E1265734979C11F1ABE2E0AD00C477B3,"E1265734979C11F1:ABE2E0AD00C477B3","E1265734979C11F1:ABE2E0AD00C477B3","E1265734979C11F1:ABE2E0AD00C477B3","E1265734979C11F1:ABE2E0AD00C477B3","E1265734979C11F1:ABE2E0AD00C477B3","E1265734979C11F1:ABE2E0AD00C477B3","E1265734979C11F1:ABE2E0AD00C477B3","E1265734979C11F1:ABE2E0AD00C477B3","E1265734979C11F1:ABE2E0AD00C477B3","E1265778979C11F1:ABE2E0AD00C477B3","E1265778979C11F1:ABE2E0AD00C477B3","E1265778979C11F1:ABE2E0AD00C477B3","E1265779979C11F1:ABE2E0AD00C477B3","E1265779979C11F1:ABE2E0AD00C477B3","E1265779979C11F1:ABE2E0AD00C477B3","E126577A979C11F1:ABE2E0AD00C477B3","E126577A979C11F1:ABE2E0AD00C477B3","E126577A979C11F1:ABE2E0AD00C477B3","39CA:F0529DA1979911F1","39CA:F0529DA1979911F1","39CA:F0529DA1979911F1","3B48:F0529DA1979911F1","3B48:F0529DA1979911F1","3B48:F0529DA1979911F1","3B4D:F0529DA1979911F1","3B4D:F0529DA1979911F1","3B4D:F0529DA1979911F1","3B4E:F0529DA1979911F1","3B4E:F0529DA1979911F1","3B4E:F0529DA1979911F1","3B4F:F0529DA1979911F1","3B4F:F0529DA1979911F1","3B4F:F0529DA1979911F1","3B50:F0529DA1979911F1","3B50:F0529DA1979911F1","3B50:F0529DA1979911F1","3B51:F0529DA1979911F1","3B51:F0529DA1979911F1","3B51:F0529DA1979911F1","3B52:F0529DA1979911F1","3B52:F0529DA1979911F1","3B52:F0529DA1979911F1","3B53:F0529DA1979911F1","3B53:F0529DA1979911F1","3B53:F0529DA1979911F1","3B54:F0529DA1979911F1","3B54:F0529DA1979911F1","3B54:F0529DA1979911F1","3B55:F0529DA1979911F1","3B55:F0529DA1979911F1","3B55:F0529DA1979911F1","3B56:F0529DA1979911F1","3B56:F0529DA1979911F1","3B56:F0529DA1979911F1","3B57:F0529DA1979911F1","3B57:F0529DA1979911F1","3B57:F0529DA1979911F1","3B58:F0529DA1979911F1","3B58:F0529DA1979911F1","3B58:F0529DA1979911F1","3B59:F0529DA1979911F1","3B59:F0529DA1979911F1","3B59:F0529DA1979911F1"
,Parent,,,,,,,,Rigid Body 002,Rigid Body 002,Rigid Body 002,Rigid Body 002,Rigid Body 002,Rigid Body 002,Rigid Body 002,Rigid Body 002,Rigid Body 002,,,,,,,,,,,,,,,,,,,,,,,,,,,,,,,,,,,,,,,,,,,,,,,,,,,,,,
,,Rotation,Rotation,Rotation,Rotation,Position,Position,Position,Position,Position,Position,Position,Position,Position,Position,Position,Position,Position,Position,Position,Position,Position,Position,Position,Position,Position,Position,Position,Position,Position,Position,Position,Position,Position,Position,Position,Position,Position,Position,Position,Position,Position,Position,Position,Position,Position,Position,Position,Position,Position,Position,Position,Position,Position,Position,Position,Position,Position,Position,Position,Position,Position,Position,Position,Position,Position,Position,Position,Position,Position,Position
Frame,Time (Seconds),X,Y,Z,W,X,Y,Z,X,Y,Z,X,Y,Z,X,Y,Z,X,Y,Z,X,Y,Z,X,Y,Z,X,Y,Z,X,Y,Z,X,Y,Z,X,Y,Z,X,Y,Z,X,Y,Z,X,Y,Z,X,Y,Z,X,Y,Z,X,Y,Z,X,Y,Z,X,Y,Z,X,Y,Z,X,Y,Z,X,Y,Z
0,0.000000,-0.000408,-0.000064,0.000212,1.000000,263.917938,26.561777,766.195251,291.829712,25.971258,818.650513,295.320221,27.788815,716.989929,204.604034,25.925261,762.945129,291.867767,25.971638,818.654602,295.288788,27.787838,717.025452,204.597031,25.925848,762.905701,230.316574,713.109375,688.662659,3619.697266,72.237518,-2987.645020,2265.982910,1411.186523,-1884.482056,,,,,,,,,,,,,,,,,,,,,,,,,,,,,,,,,,,,
1,0.008333,0.000235,-0.000221,0.000900,1.000000,263.900604,26.583546,766.134033,291.796783,25.964024,818.597229,295.316528,27.916996,716.940247,204.588638,25.869614,762.864441,291.838684,25.965446,818.550354,295.310669,27.915537,717.014832,204.553101,25.869631,762.838196,230.333771,713.148193,688.632935,3619.745361,72.106499,-2987.558838,2266.020508,1411.257568,-1884.396851,,,,,,,,,,,,,,,,,,,,,,,,,,,,,,,,,,,,
2,0.016667,0.000081,-0.000129,0.000752,1.000000,263.889374,26.594316,766.154480,291.795013,25.982639,818.612732,295.296600,27.903387,716.954468,204.576584,25.896923,762.896057,291.837555,25.984070,818.564758,295.276672,27.901585,717.038208,204.554108,25.897257,762.862610,230.318756,713.122498,688.549500,3619.656006,72.237961,-2987.603027,2266.054443,1411.321655,-1884.320190,,,,,,,,,,,,,,,,,,,,,,,,,,,,,,,,,,,,
3,0.025000,0.000495,0.000323,0.000051,1.000000,263.906525,26.628246,766.216614,291.858734,25.934021,818.649109,295.271057,27.934050,716.989258,204.589920,26.016670,763.011414,291.858307,25.934622,818.617004,295.244415,27.932884,717.034119,204.616333,26.017212,762.999573,230.317169,713.064880,688.575684,3619.562988,72.239014,-2987.493652,,,,,,,,,,,,,,,,,,,,,,,,,,,,,,,,,,,,,,,
4,0.033333,0.000422,0.000110,0.000152,1.000000,263.946259,26.539259,766.271729,291.876190,25.858362,818.716248,295.331543,27.844131,717.057556,204.631134,25.915281,763.041199,291.875549,25.859112,818.676819,295.343567,27.843672,717.088806,204.620010,25.915003,763.049072,230.309738,712.943298,688.722168,3619.622070,72.088448,-2987.486572,,,,,,,,,,,,,,,,,,,,,,,,,,,,,,,,,,,,,,,
5,0.041667,0.000656,-0.000272,0.000719,1.000000,263.961639,26.462399,766.308594,291.852234,25.788588,818.774109,295.383026,27.825932,717.119080,204.649750,25.772676,763.032410,291.874054,25.789448,818.744629,295.391663,27.825315,717.156738,204.619446,25.772434,763.024658,230.308029,712.891052,688.771729,3619.439697,72.115334,-2987.533691,,,,,,,,,,,,,,,,,,,,,,,,,,,,,,,,,,,,,,,
6,0.050000,0.000918,-0.000315,0.001128,0.999999,263.963989,26.425945,766.317261,291.850677,25.747446,818.784790,295.388428,27.840996,717.131165,204.652969,25.689392,763.035645,291.878357,25.748554,818.748474,295.401276,27.840263,717.176758,204.612595,25.689018,763.026611,230.316467,712.861328,688.804504,3619.802734,71.695145,-2987.444092,,,,,,,,,,,,,,,,,,,,,,,,,,,,,,,,,,,,,,,
7,0.058333,0.000924,-0.000243,0.000926,0.999999,263.981018,26.420584,766.344421,291.874939,25.730169,818.807983,295.398987,27.823496,717.153870,204.669220,25.708084,763.071350,291.890015,25.731598,818.746826,295.429077,27.822828,717.206604,204.624680,25.707338,763.079590,230.347443,712.888306,688.827271,3620.017822,71.333237,-2987.383789,,,,,,,,,,,,,,,,,,,,,,,,,,,,,,,,,,,,,,,
8,0.066667,0.000910,0.000145,-0.000333,1.000000,264.006500,26.481565,766.385010,291.939453,25.722374,818.826843,295.389557,27.804073,717.169922,204.690567,25.918247,763.158142,291.909790,25.724051,818.727417,295.402924,27.802826,717.238281,204.705399,25.917883,763.185242,230.366348,712.908875,688.812439,3620.101562,71.219559,-2987.352539,,,,,,,,,,,,,,,,,,,,,,,,,,,,,,,,,,,,,,,
9,0.075000,0.000284,-0.000122,0.000387,1.000000,264.028564,26.452017,766.340820,291.934479,25.798744,818.798401,295.436035,27.758095,717.140869,204.715225,25.799210,763.083008,291.942047,25.799385,818.770081,295.425903,27.757267,717.178162,204.717590,25.799383,763.074524,230.381180,712.880737,688.755554,3619.623047,71.616364,-2987.511719,,,,,,,,,,,,,,,,,,,,,,,,,,,,,,,,,,,,,,,
10,0.083333,0.000426,-0.000244,0.000601,1.000000,264.040833,26.461496,766.307617,291.934235,25.805227,818.771851,295.459778,27.795013,717.115723,204.728592,25.784250,763.035034,291.963531,25.806387,818.730347,295.460571,27.793921,717.173645,204.698944,25.784178,763.019348,230.382919,712.901184,688.713745,3619.725586,71.485046,-2987.482666,,,,,,,,,,,,,,,,,,,,,,,,,,,,,,,,,,,,,,,
11,0.091667,-0.000192,-0.000136,0.000230,1.000000,264.019348,26.528732,766.312195,291.923553,25.916569,818.771240,295.428650,27.778162,717.111938,204.705902,25.891468,763.053223,291.952881,25.917067,818.763000,295.399994,27.777079,717.152771,204.704666,25.892033,763.021179,230.378098,713.004028,688.742249,3619.935303,71.199295,-2987.499756,,,,2265.940186,1411.128540,-1884.584839,,,,,,,,,,,,,,,,,,,,,,,,,,,,,,,,,
12,0.100000,-0.000054,-0.000191,0.000238,1.000000,263.984894,26.533438,766.307861,291.883392,25.907293,818.769836,295.399536,27.796888,717.111389,204.671829,25.896132,763.042358,291.944580,25.908962,818.717529,295.311432,27.793327,717.250549,204.692474,25.897776,762.965271,230.405411,713.092529,688.687134,3620.035400,71.053383,-2987.441406,,,,2265.975342,1411.230347,-1884.502808,,,,,,,,,,,,,,,,,,,,,,,,,,,,,,,,,
13,0.108333,0.000326,0.000091,-0.000264,1.000000,264.017090,26.601313,766.302795,291.944458,25.907318,818.748535,295.405304,27.870634,717.089661,204.701569,26.025986,763.070190,291.964111,25.909220,818.658752,295.348724,27.867540,717.221130,204.734665,26.027006,763.035461,230.376541,713.096863,688.692139,3620.205566,70.830620,-2987.387939,,,,2266.006348,1411.322021,-1884.428955,,,,,,,,,,,,,,,,,,,,,,,,,,,,,,,,,
14,0.116667,-0.000113,-0.000045,0.000177,1.000000,264.024139,26.531031,766.237000,291.937805,25.907661,818.690918,295.424683,27.784887,717.031311,204.710052,25.900545,762.988770,291.961670,25.908588,818.655579,295.366394,27.782747,717.112000,204.741699,25.901657,762.946960,230.378601,713.028931,688.651794,3619.882568,71.051384,-2987.439697,,,,2266.034668,1411.404663,-1884.362549,,,,,,,,,,,,,,,,,,,,,,,,,,,,,,,,,
15,0.125000,-0.000177,-0.000043,0.000352,1.000000,264.033386,26.489206,766.295166,291.947540,25.882294,818.749023,295.433167,27.747763,717.089111,204.719498,25.837559,763.047363,291.979584,25.883759,818.688843,295.376068,27.745102,717.199463,204.741425,25.838610,763.003174,230.363510,713.008850,688.693848,3620.446289,70.473251,-2987.371094,,,,,,,,,,,,,,,,,,,,,,,,,,,,,,,,,,,,,,,
16,0.133333,0.000533,-0.000177,0.000965,0.999999,264.011536,26.463259,766.338074,291.912445,25.816038,818.798401,295.422913,27.830189,717.142212,204.699371,25.743549,763.073303,291.956329,25.817915,818.730957,295.361633,27.826927,717.270020,204.713211,25.744738,763.020874,230.376297,712.980347,688.720032,3620.315674,70.554703,-2987.458984,,,,,,,,,,,,,,,,,,,,,,,,,,,,,,,,,,,,,,,
17,0.141667,0.000064,-0.000056,0.000779,1.000000,263.989899,26.446032,766.324585,291.903229,25.837729,818.778809,295.389862,27.755093,717.119934,204.676666,25.745274,763.074890,291.930664,25.838501,818.756165,295.371368,27.753948,717.168518,204.667542,25.745619,763.049866,230.336197,712.965576,688.719849,3620.447998,70.326996,-2987.431152,,,,,,,,,,,,,,,,,,,,,,,,,,,,,,,,,,,,,,,
18,0.150000,-0.000266,0.000101,0.000084,1.000000,264.025299,26.459921,766.346436,291.954193,25.847368,818.792358,295.411652,27.692926,717.131165,204.710159,25.839466,763.115723,291.945892,25.847393,818.785767,295.423798,27.693140,717.126282,204.706253,25.839231,763.127197,230.349640,712.993469,688.754883,3620.104736,70.630592,-2987.504395,,,,,,,,,,,,,,,,,,,,,,,,,,,,,,,,,,,,,,,
19,0.158333,0.000170,-0.000273,0.001028,1.000000,264.030121,26.427755,766.348206,291.920929,25.822193,818.814453,295.450867,27.762934,717.157471,204.718674,25.698139,763.072510,291.959778,25.823212,818.787659,295.425262,27.761425,717.221130,204.704987,25.698593,763.037292,230.372238,712.982483,688.774231,3620.600342,70.063728,-2987.374023,,,,,,,,,,,,,,,,,,,,,,,,,,,,,,,,,,,,,,,
20,0.166667,-0.000030,-0.000205,0.001110,0.999999,263.998993,26.433287,766.334290,291.897064,25.853283,818.796936,295.412781,27.753857,717.138794,204.687210,25.692722,763.067017,291.935699,25.853901,818.791992,295.393005,27.752882,717.177429,204.668182,25.693073,763.033508,230.325989,712.952087,688.740662,3620.205322,70.426102,-2987.462891,,,,,,,,,,,,,,,,,,,,,,,,,,,,,,,,,,,,,,,
21,0.175000,0.000383,-0.000245,0.000978,0.999999,263.962952,26.473442,766.324280,291.856720,25.842699,818.788635,295.381012,27.826454,717.132385,204.651245,25.751173,763.051697,291.890900,25.843584,818.765381,295.369415,27.825359,717.182068,204.628586,25.751366,763.025940,230.338654,713.011597,688.761536,3620.280518,70.276703,-2987.470215,,,,,,,,,,,,,,,,,,,,,,,,,,,,,,,,,,,,,,,
22,0.183333,0.000212,-0.000451,0.000942,1.000000,263.950653,26.485739,766.313782,291.822754,25.870930,818.789856,295.389038,27.819628,717.134338,204.640244,25.766657,763.017029,291.862335,25.871273,818.799500,295.369507,27.818903,717.159241,204.620316,25.767046,762.982422,230.355804,712.984009,688.768860,3620.446045,70.024963,-2987.332520,,,,,,,,,,,,,,,,,,,,,,,,,,,,,,,,,,,,,,,
23,0.191667,0.000716,-0.000329,0.000799,0.999999,263.935455,26.510778,766.338928,291.820129,25.835075,818.807617,295.362274,27.885286,717.153259,204.624039,25.811975,763.055908,291.860962,25.836243,818.774597,295.339294,27.883627,717.222778,204.606003,25.812431,763.021179,230.337830,712.989990,688.792786,3620.171143,70.353027,-2987.408936,,,,,,,2265.952637,1411.126587,-1884.610229,,,,,,,,,,,,,,,,,,,,,,,,,,,,,,
24,0.200000,0.000798,-0.000353,0.000895,0.999999,263.922363,26.516430,766.332397,291.804749,25.837513,818.802246,295.351196,27.905008,717.148376,204.611237,25.806770,763.046509,291.844788,25.838936,818.756958,295.337891,27.903328,717.224304,204.584747,25.806995,763.017578,230.302139,712.965515,688.816711,3619.796143,70.631546,-2987.484131,,,,,,,2265.966064,1411.290283,-1884.568726,,,,,,,,,,,,,,,,,,,,,,,,,,,,,,
25,0.208333,0.000694,-0.000272,0.000981,0.999999,263.929932,26.519472,766.332520,291.820923,25.856333,818.797974,295.350586,27.903175,717.143127,204.618408,25.798908,763.056335,291.848694,25.857632,818.750854,295.337769,27.901632,717.212830,204.603577,25.799126,763.035278,230.295593,712.964050,688.764587,3619.955566,70.404274,-2987.417969,,,,,,,2265.978271,1411.437622,-1884.531250,,,,,,,,,,,,,,,,,,,,,,,,,,,,,,
26,0.216667,0.000148,-0.000089,0.000636,1.000000,263.900848,26.501110,766.293091,291.810547,25.875982,818.749084,295.304443,27.809395,717.090759,204.587631,25.817951,763.039368,291.827881,25.876051,818.757446,295.284576,27.808897,717.103394,204.589951,25.818377,763.018311,230.302216,712.982361,688.736511,3620.041504,70.242188,-2987.523193,,,,,,,2265.989258,1411.570190,-1884.497559,,,,,,,,,,,,,,,,,,,,,,,,,,,,,,
27,0.225000,-0.000098,-0.000112,0.000606,1.000000,263.869476,26.452688,766.269287,291.776672,25.851637,818.726868,295.275452,27.734972,717.067749,204.556381,25.771456,763.013062,291.802490,25.851452,818.754944,295.237335,27.734344,717.075928,204.568588,25.772264,762.976807,230.280197,712.976501,688.748657,3619.888184,70.360565,-2987.509521,,,,,,,,,,,,,,,,,,,,,,,,,,,,,,,,,,,,,,,
28,0.233333,0.000202,0.000081,0.000211,1.000000,263.898376,26.519463,766.314880,291.825317,25.864916,818.761292,295.286377,27.806416,717.101990,204.583511,25.887054,763.081177,291.818878,25.864422,818.783203,295.276001,27.806665,717.082275,204.600204,25.887295,763.079041,230.281235,712.942139,688.763733,3619.557129,70.742523,-2987.574463,,,,,,,,,,,,,,,,,,,,,,,,,,,,,,,,,,,,,,,
29,0.241667,0.000394,-0.000385,0.000989,0.999999,263.936615,26.441853,766.315063,291.815704,25.810537,818.787231,295.368408,27.796650,717.131958,204.625839,25.718365,763.025818,291.838867,25.810486,818.806213,295.379547,27.796995,717.122314,204.591080,25.718067,763.016541,230.289703,712.926270,688.819946,3619.519531,70.853394,-2987.604980,,,,,,,,,,,,,,,,,,,,,,,,,,,,,,,,,,,,,,,
30,0.250000,0.000293,-0.000205,0.000572,1.000000,263.956116,26.448603,766.357422,291.853607,25.804630,818.819641,295.371307,27.767197,717.162720,204.643585,25.773979,763.089783,291.848938,25.804108,818.843994,295.385071,27.767994,717.129211,204.634705,25.773710,763.098450,230.277573,712.897034,688.819275,3619.681396,70.587326,-2987.624268,,,,,,,,,,,,,,,,,,,,,,,,,,,,,,,,,,,,,,,
31,0.258333,0.000037,0.000109,0.000251,1.000000,263.936218,26.456135,766.348755,291.866180,25.821142,818.793823,295.321381,27.729343,717.133789,204.621231,25.817915,763.118652,291.857300,25.820539,818.821045,295.311340,27.729706,717.107239,204.639877,25.818153,763.117981,230.257645,712.934692,688.756409,3619.655762,70.578819,-2987.613770,,,,,,,,,,,,,,,,,,,,,,,,,,,,,,,,,,,,,,,
32,0.266667,-0.000136,0.000275,-0.000454,1.000000,263.949951,26.472555,766.318909,291.896454,25.816355,818.754883,295.320496,27.684490,717.093018,204.633057,25.916819,763.108704,291.867767,25.816187,818.747681,295.315155,27.684566,717.085388,204.667404,25.916914,763.123962,230.304947,712.995605,688.787048,3619.791504,70.435745,-2987.560547,,,,,,,,,,,,,,,,,,,,,,,,,,,,,,,,,,,,,,,
33,0.275000,-0.000224,-0.000005,0.000308,1.000000,263.929932,26.466511,766.250183,291.847992,25.862074,818.701904,295.326141,27.717653,717.041687,204.615738,25.819805,763.006836,291.878479,25.862734,818.685730,295.297516,27.716434,717.091309,204.613297,25.820335,762.974609,230.295776,713.010864,688.729858,3619.672607,70.418533,-2987.608887,,,,,,,,,,,,,,,,,,,,,,,,,,,,,,,,,,,,,,,
34,0.283333,-0.000778,-0.000023,0.000250,1.000000,263.918976,26.447821,766.194702,291.835052,25.898321,818.648071,295.317139,27.640739,716.985962,204.604828,25.804401,762.949890,291.885284,25.898939,818.647217,295.283569,27.639511,717.035034,204.587845,25.805004,762.902222,230.334686,713.061768,688.674011,3619.958496,70.166077,-2987.636230,,,,,,,,,,,,,,,,,,,,,,,,,,,,,,,,,,,,,,,
35,0.291667,-0.001132,-0.000147,0.000171,0.999999,263.937866,26.464012,766.201172,291.840881,25.947140,818.661865,295.348389,27.617228,716.999329,204.624435,25.827665,762.942200,291.894287,25.947618,818.671021,295.338654,27.616652,717.027710,204.580688,25.827772,762.903809,230.354797,713.093262,688.651672,3619.749023,70.397163,-2987.666748,,,,,,,,,,2265.964355,1411.098511,-1884.574219,,,,,,,,,,,,,,,,,,,,,,,,,,,
36,0.300000,-0.001057,-0.000167,0.000194,0.999999,263.970856,26.531311,766.225891,291.871735,26.007917,818.687683,295.383331,27.693321,717.025513,204.657578,25.892693,762.964294,291.944733,26.008627,818.696350,295.356842,27.692219,717.074829,204.611435,25.893106,762.905457,230.353485,713.102783,688.675110,3620.241699,69.989464,-2987.563477,,,,,,,,,,2265.963623,1411.105957,-1884.468750,,,,,,,,,,,,,,,,,,,,,,,,,,,
37,0.308333,-0.000662,0.000116,-0.000693,1.000000,263.980682,26.581406,766.257690,291.910156,25.967051,818.703308,295.367493,27.726530,717.040527,204.664551,26.050632,763.029175,291.936005,25.967869,818.669250,295.352753,27.725418,717.097412,204.653336,26.050903,763.007568,230.364182,713.103210,688.654480,3619.744385,70.468346,-2987.682617,,,,,,,,,,2265.963135,1411.112671,-1884.373901,,,,,,,,,,,,,,,,,,,,,,,,,,,
38,0.316667,-0.000798,-0.000046,0.000011,1.000000,263.972809,26.504782,766.240234,291.886230,25.943998,818.694946,295.373810,27.680761,717.032837,204.658524,25.889584,762.992737,291.943451,25.944914,818.679260,295.339996,27.679247,717.101013,204.634613,25.890156,762.941467,230.369202,713.078369,688.642334,3619.625244,70.559784,-2987.616943,,,,,,,,,,2265.962646,1411.118652,-1884.288452,,,,,,,,,,,,,,,,,,,,,,,,,,,
39,0.325000,-0.001253,0.000032,-0.000165,0.999999,264.006378,26.449972,766.220093,291.927765,25.927057,818.670959,295.400085,27.570135,717.006775,204.691360,25.852722,762.982361,291.970886,25.927116,818.697510,295.381927,27.569769,717.016907,204.666962,25.853039,762.945679,230.370605,713.090271,688.685547,3619.843018,70.334686,-2987.605713,,,,,,,,,,,,,,,,,,,,,,,,,,,,,,,,,,,,,,,
40,0.333333,-0.000333,-0.000286,0.000692,1.000000,263.977814,26.438433,766.219666,291.866913,25.866894,818.687195,295.400696,27.702988,717.028503,204.665985,25.745415,762.943237,291.912994,25.867937,818.660767,295.378540,27.701574,717.094360,204.641769,25.745764,762.905151,230.348648,713.036865,688.681458,3619.835205,70.308296,-2987.628662,,,,,,,,,,,,,,,,,,,,,,,,,,,,,,,,,,,,,,,
41,0.341667,-0.000344,-0.000038,0.000369,1.000000,263.981354,26.430193,766.253723,291.896057,25.841768,818.707397,295.380615,27.673340,717.046936,204.667450,25.775473,763.006714,291.910278,25.842234,818.690613,295.363861,27.672541,717.080688,204.669601,25.775791,762.990356,230.319305,712.970520,688.707336,3620.272461,69.959808,-2987.591064,,,,,,,,,,,,,,,,,,,,,,,,,,,,,,,,,,,,,,,
42,0.350000,-0.000108,0.000236,-0.000228,1.000000,264.001434,26.435286,766.311218,291.944061,25.788738,818.749451,295.375275,27.664181,717.087891,204.685028,25.852938,763.096252,291.922028,25.789499,818.693604,295.369629,27.663351,717.130310,204.711960,25.853018,763.108582,230.318954,712.994995,688.772644,3620.232666,69.982399,-2987.598633,,,,,,,,,,,,,,,,,,,,,,,,,,,,,,,,,,,,,,,
43,0.358333,0.000442,0.000122,-0.000245,1.000000,264.023499,26.481426,766.315491,291.954163,25.776327,818.759338,295.408630,27.763353,717.100708,204.707825,25.904596,763.086426,291.920380,25.776695,818.720642,295.408813,27.763062,717.116516,204.740921,25.904531,763.108459,230.320389,712.987610,688.817200,3620.434082,69.814377,-2987.504883,,,,,,,,,,,,,,,,,,,,,,,,,,,,,,,,,,,,,,,
44,0.366667,-0.000484,0.000005,0.000087,1.000000,263.995148,26.398958,766.223755,291.913971,25.809458,818.675293,295.390961,27.610647,717.013977,204.680618,25.776770,762.981812,291.913544,25.809259,818.687561,295.398804,27.611004,716.997864,204.673187,25.776613,762.985535,230.348862,713.001953,688.783569,3619.990234,70.239853,-2987.566650,,,,,,,,,,,,,,,,,,,,,,,,,,,,,,,,,,,,,,,
45,0.375000,-0.000412,0.000191,-0.000507,1.000000,263.972076,26.497353,766.268188,291.909698,25.867071,818.709229,295.350983,27.678829,717.046875,204.655640,25.946157,763.048340,291.886993,25.867380,818.677917,295.341644,27.678368,717.067627,204.687576,25.946316,763.058533,230.314301,713.051819,688.728088,3620.087402,70.100685,-2987.605713,,,,,,,,,,,,,,,,,,,,,,,,,,,,,,,,,,,,,,,
46,0.383333,0.000253,-0.000050,0.000175,1.000000,263.945374,26.530500,766.233032,291.858521,25.868629,818.686707,295.346375,27.820269,717.028564,204.631317,25.902603,762.983765,291.894897,25.869930,818.639709,295.308899,27.818182,717.117371,204.631210,25.903305,762.945618,230.297791,713.079834,688.681946,3619.816162,70.376320,-2987.618408,,,,,,,,,,,,,,,,,,,,,,,,,,,,,,,,,,,,,,,
47,0.391667,-0.000089,-0.000122,0.000437,1.000000,263.945282,26.527658,766.192078,291.851227,25.916304,818.650269,295.352692,27.800159,716.991272,204.632034,25.866510,762.934692,291.891510,25.917421,818.615906,295.308350,27.798126,717.073486,204.634445,25.867344,762.889893,230.317398,713.111816,688.659912,3619.857422,70.268219,-2987.553955,,,,,,,,,,,,,2265.972900,1411.154053,-1884.629028,,,,,,,,,,,,,,,,,,,,,,,,
48,0.400000,-0.000071,-0.000301,0.000477,1.000000,263.967804,26.494709,766.192017,291.854980,25.883617,818.660156,295.392761,27.771547,717.002441,204.655777,25.828962,762.913330,291.897705,25.885033,818.610962,295.366333,27.769615,717.091125,204.639145,25.829422,762.876770,230.322144,713.102722,688.702087,3620.194824,69.992622,-2987.557129,,,,,,,,,,,,,2265.982178,1411.192261,-1884.526367,,,,,,,,,,,,,,,,,,,,,,,,
49,0.408333,-0.000570,0.000157,-0.000858,0.999999,263.981659,26.461338,766.218201,291.915253,25.828108,818.661316,295.364777,27.605242,716.998657,204.665100,25.950665,762.994446,291.895294,25.828529,818.625610,295.387604,27.605259,717.008911,204.661804,25.950230,763.019470,230.361328,713.063660,688.729309,3620.094238,70.116348,-2987.547119,,,,,,,,,,,,,2265.990479,1411.226807,-1884.433960,,,,,,,,,,,,,,,,,,,,,,,,
50,0.416667,-0.000626,0.000111,-0.000848,1.000000,263.990112,26.434097,766.253784,291.918823,25.807285,818.699585,295.377747,27.573139,717.037048,204.673843,25.921865,763.024597,291.858124,25.807262,818.667053,295.434692,27.574278,717.002197,204.677429,25.920753,763.091919,230.332047,712.984558,688.781250,3619.855713,70.367432,-2987.572510,,,,,,,,,,,,,2265.997803,1411.257568,-1884.350952,,,,,,,,,,,,,,,,,,,,,,,,
51,0.425000,-0.000335,-0.000343,0.000095,1.000000,263.970551,26.374670,766.233582,291.852936,25.770020,818.704285,295.400543,27.601480,717.045959,204.658295,25.752508,762.950317,291.833191,25.770306,818.675415,295.433044,27.601883,717.045166,204.645401,25.751820,762.980042,230.359634,712.968201,688.779236,3619.841309,70.382523,-2987.590088,,,,,,,,,,,,,,,,,,,,,,,,,,,,,,,,,,,,,,,
52,0.433333,0.000275,-0.000083,0.000031,1.000000,263.964478,26.469830,766.304871,291.873962,25.797594,818.760315,295.369110,27.752661,717.102478,204.650467,25.859238,763.051575,291.814392,25.798338,818.684509,295.427429,27.753225,717.108093,204.649658,25.857941,763.119934,230.344254,712.939270,688.796448,3619.897705,70.266426,-2987.550293,,,,,,,,,,,,,,,,,,,,,,,,,,,,,,,,,,,,,,,
53,0.441667,0.000753,0.000024,-0.000151,1.000000,263.963593,26.474308,766.305603,291.884125,25.741837,818.754456,295.358063,27.792753,717.097778,204.648651,25.888334,763.064575,291.826660,25.742645,818.681213,295.383606,27.792637,717.118103,204.678116,25.887669,763.114685,230.367249,712.980408,688.826172,3620.003174,70.153557,-2987.605469,,,,,,,,,,,,,,,,,,,,,,,,,,,,,,,,,,,,,,,
54,0.450000,-0.000229,-0.000144,0.000226,1.000000,263.981659,26.435720,766.248169,291.884979,25.827246,818.707703,295.391815,27.681265,717.048340,204.668289,25.798649,762.988281,291.862579,25.826801,818.719116,295.414978,27.682182,717.011475,204.667786,25.798195,763.013062,230.335770,713.010681,688.751343,3620.058350,70.112793,-2987.541504,,,,,,,,,,,,,,,,,,,,,,,,,,,,,,,,,,,,,,,
55,0.458333,-0.000426,-0.000216,0.000266,1.000000,263.956512,26.455881,766.254211,291.852417,25.870314,818.717957,295.373596,27.684546,717.058350,204.643646,25.812782,762.986145,291.865723,25.870722,818.703857,295.376770,27.684229,717.078491,204.627136,25.812691,762.980042,230.316254,713.027954,688.715942,3620.119385,70.095001,-2987.548340,,,,,,,,,,,,,,,,,,,,,,,,,,,,,,,,,,,,,,,
56,0.466667,0.000128,-0.000281,0.000133,1.000000,263.943726,26.497911,766.249695,291.832581,25.846794,818.716492,295.367584,27.772722,717.059448,204.631134,25.874216,762.973145,291.842072,25.847506,818.683472,295.389709,27.772497,717.085693,204.599503,25.873732,762.979736,230.293549,713.090149,688.713318,3619.936279,70.356224,-2987.569580,,,,,,,,,,,,,,,,,,,,,,,,,,,,,,,,,,,,,,,
57,0.475000,0.000241,-0.000151,0.000662,1.000000,263.899780,26.465918,766.207703,291.803009,25.832409,818.666992,295.309387,27.785063,717.009460,204.587006,25.780277,762.946472,291.822937,25.832624,818.668884,295.277588,27.784168,717.036194,204.598236,25.780943,762.918030,230.301422,713.047119,688.702026,3620.275146,69.986763,-2987.457275,,,,,,,,,,,,,,,,,,,,,,,,,,,,,,,,,,,,,,,
58,0.483333,-0.000228,-0.000114,0.000331,1.000000,263.910889,26.455275,766.275757,291.817596,25.852543,818.733582,295.317749,27.707443,717.074036,204.597443,25.805836,763.019531,291.840149,25.853128,818.716003,295.291962,27.706327,717.118591,204.600113,25.806335,762.993713,230.297180,712.996155,688.722717,3620.108154,70.131691,-2987.540283,,,,,,,,,,,,,,,,,,,,,,,,,,,,,,,,,,,,,,,
59,0.491667,-0.000084,-0.000200,0.000545,1.000000,263.958435,26.422499,766.275696,291.856293,25.816631,818.738159,295.373260,27.702337,717.079773,204.645828,25.748529,763.009033,291.871552,25.816710,818.744324,295.394409,27.702730,717.072754,204.608780,25.748045,763.010132,230.304260,712.962402,688.751343,3620.283447,70.083290,-2987.497803,,,,,,,,,,,,,,,,2265.989990,1411.120972,-1884.634399,,,,,,,,,,,,,,,,,,,,,
60,0.500000,-0.000141,-0.000256,0.000745,1.000000,263.953430,26.407215,766.283020,291.845642,25.818455,818.748718,295.373230,27.694027,717.090515,204.641464,25.709166,763.009766,291.852814,25.818300,818.762451,295.385651,27.694458,717.075317,204.621796,25.708885,763.011169,230.308899,712.966919,688.787720,3620.302979,70.014351,-2987.446045,,,,,,,,,,,,,,,,2266.001953,1411.128052,-1884.512817,,,,,,,,,,,,,,,,,,,,,
61,0.508333,-0.000088,-0.000255,0.000929,1.000000,263.955780,26.376410,766.287292,291.848358,25.792404,818.752808,295.375000,27.679964,717.094788,204.644073,25.656858,763.014099,291.863892,25.792498,818.759033,295.379517,27.680004,717.096069,204.623810,25.656723,763.006592,230.314240,712.965271,688.828064,3620.622070,69.692123,-2987.373047,,,,,,,,,,,,,,,,2266.012695,1411.134399,-1884.403320,,,,,,,,,,,,,,,,,,,,,
62,0.516667,0.000095,-0.000338,0.001410,0.999999,263.971802,26.389681,766.328735,291.856232,25.813316,818.798706,295.397949,27.741444,717.141968,204.661377,25.614283,763.045410,291.885315,25.813890,818.790039,295.386322,27.740692,717.174194,204.643753,25.614456,763.022095,230.331894,712.952942,688.818176,3620.397705,69.998459,-2987.490723,,,,,,,,,,,,,,,,2266.022461,1411.140015,-1884.304932,,,,,,,,,,,,,,,,,,,,,
63,0.525000,-0.000046,-0.000147,0.001036,1.000000,263.975586,26.400217,766.357483,291.879608,25.817705,818.816956,295.383942,27.714607,717.158325,204.663330,25.668341,763.097046,291.903473,25.818449,818.793579,295.342499,27.712965,717.217773,204.679398,25.669182,763.062927,230.359482,712.944214,688.806396,3620.061523,70.411232,-2987.567139,,,,,,,,,,,,,,,,,,,,,,,,,,,,,,,,,,,,,,,
64,0.533333,-0.000034,-0.000189,0.000550,1.000000,264.000977,26.371674,766.355591,291.899994,25.760754,818.817383,295.414703,27.656736,717.159119,204.688309,25.697529,763.090149,291.911438,25.761623,818.777283,295.373840,27.654987,717.226990,204.716187,25.698345,763.064697,230.374619,712.934387,688.856628,3620.304688,70.241608,-2987.589600,,,,,,,,,,,,,,,,,,,,,,,,,,,,,,,,,,,,,,,
65,0.541667,0.000199,-0.000169,0.000281,1.000000,264.014465,26.384069,766.345703,291.915253,25.733812,818.806030,295.426910,27.675106,717.148560,204.701309,25.743286,763.082336,291.902344,25.734865,818.741272,295.426849,27.674103,717.202332,204.713654,25.743254,763.092285,230.353516,712.926453,688.828613,3620.055176,70.521706,-2987.605469,,,,,,,,,,,,,,,,,,,,,,,,,,,,,,,,,,,,,,,
66,0.550000,0.000045,-0.000149,0.000511,1.000000,263.996552,26.432837,766.359436,291.899811,25.811501,818.818848,295.406372,27.723171,717.160583,204.683563,25.763838,763.098694,291.909882,25.812492,818.772034,295.385834,27.721766,717.223083,204.693329,25.764210,763.084473,230.340607,712.941162,688.802063,3619.978027,70.657166,-2987.655029,,,,,,,,,,,,,,,,,,,,,,,,,,,,,,,,,,,,,,,
67,0.558333,0.000038,0.000034,0.000674,1.000000,263.983398,26.424982,766.351807,291.906006,25.813490,818.801025,295.374847,27.724922,717.141479,204.669449,25.736530,763.112793,291.920624,25.814451,818.759033,295.354736,27.723558,717.202026,204.674362,25.736902,763.095825,230.323334,712.932068,688.749939,3619.793945,70.855370,-2987.728271,,,,,,,,,,,,,,,,,,,,,,,,,,,,,,,,,,,,,,,
68,0.566667,-0.000744,0.000236,0.000386,1.000000,263.982208,26.402010,766.335999,291.925568,25.856525,818.774963,295.354584,27.606861,717.111084,204.666565,25.742641,763.121887,291.947205,25.856703,818.780518,295.306793,27.605724,717.143616,204.691635,25.743584,763.084167,230.308640,712.945374,688.722168,3619.870605,70.745033,-2987.684082,,,,,,,,,,,,,,,,,,,,,,,,,,,,,,,,,,,,,,,
69,0.575000,-0.000241,0.000036,0.000482,1.000000,263.985748,26.469213,766.321228,291.908356,25.876326,818.770691,295.377472,27.729614,717.110046,204.671539,25.801699,763.082886,291.934326,25.876913,818.755188,295.330872,27.728062,717.165833,204.690521,25.802616,763.044312,230.288071,713.016663,688.686768,3620.185059,70.331688,-2987.581299,,,,,,,,,,,,,,,,,,,,,,,,,,,,,,,,,,,,,,,
70,0.583333,0.000539,0.000050,0.000273,1.000000,263.972687,26.572243,766.330261,291.896454,25.885780,818.777954,295.363617,27.896311,717.120239,204.658127,25.934637,763.092407,291.918701,25.888075,818.672241,295.306213,27.892750,717.269653,204.689026,25.935692,763.056946,230.292358,713.085999,688.685730,3619.878174,70.647247,-2987.659424,,,,,,,,,,,,,,,,,,,,,,,,,,,,,,,,,,,,,,,
71,0.591667,0.000293,0.000052,0.000202,1.000000,263.984131,26.597172,766.276611,291.908081,25.932671,818.724487,295.375000,27.892508,717.065735,204.669464,25.966337,763.039429,291.936462,25.934647,818.637512,295.334564,27.889671,717.190796,204.679596,25.967064,763.007202,230.300613,713.150452,688.658630,3620.303955,70.200111,-2987.520264,,,,,,,,,,,,,,,,,,,2265.931396,1411.137939,-1884.616211,,,,,,,,,,,,,,,,,,
72,0.600000,0.000075,-0.000195,0.000595,1.000000,263.980011,26.585857,766.261108,291.878510,25.966042,818.723083,295.394165,27.884487,717.065186,204.667435,25.907047,762.994873,291.925354,25.967600,818.670715,295.342560,27.881838,717.174072,204.669876,25.908007,762.944031,230.304138,713.165771,688.679443,3620.049561,70.519341,-2987.655273,,,,,,,,,,,,,,,,,,,2265.971680,1411.213501,-1884.501099,,,,,,,,,,,,,,,,,,
73,0.608333,-0.000310,-0.000063,0.000483,1.000000,263.994751,26.510883,766.241211,291.906921,25.925280,818.696350,295.396271,27.764471,717.036072,204.681183,25.842897,762.991089,291.945465,25.925970,818.684326,295.367554,27.763224,717.086426,204.670837,25.843435,762.953613,230.340302,713.079163,688.702698,3620.249756,70.300568,-2987.622314,,,,,,,,,,,,,,,,,,,2266.007812,1411.281616,-1884.397461,,,,,,,,,,,,,,,,,,
74,0.616667,-0.000098,-0.000280,0.000372,1.000000,263.985626,26.504347,766.258118,291.874908,25.890312,818.725098,295.408752,27.771875,717.067200,204.673325,25.850851,762.981995,291.901154,25.891174,818.694824,295.362518,27.770046,717.137634,204.691422,25.851749,762.944458,230.327972,713.076355,688.706726,3620.332031,70.128876,-2987.523926,,,,,,,,,,,,,,,,,,,2266.040771,1411.342773,-1884.304199,,,,,,,,,,,,,,,,,,
75,0.625000,-0.000332,0.000122,-0.000955,1.000000,263.991333,26.525530,766.289246,291.921112,25.861889,818.734070,295.378082,27.686728,717.072449,204.674866,26.027969,763.061096,291.888245,25.862322,818.691711,295.319153,27.685261,717.123352,204.768738,26.029007,763.053345,230.330627,713.008911,688.741394,3620.315674,70.105118,-2987.531738,,,,,,,,,,,,,,,,,,,,,,,,,,,,,,,,,,,,,,,
76,0.633333,-0.001358,0.000365,-0.001699,0.999998,264.038910,26.436022,766.218323,291.993317,25.838396,818.650757,295.403290,27.449608,716.983948,204.720230,26.020060,763.020020,291.886536,25.836912,818.693054,295.473328,27.452404,716.838196,204.759171,26.018862,763.117249,230.316818,712.962585,688.766541,3619.897461,70.405075,-2987.649170,,,,,,,,,,,,,,,,,,,,,,,,,,,,,,,,,,,,,,,
77,0.641667,-0.004481,0.000234,-0.002495,0.999987,264.093597,26.211796,766.071655,292.033997,25.897316,818.514099,295.471802,26.867907,716.840088,204.775131,25.870163,762.860718,291.902435,25.894239,818.760925,295.821686,26.875885,716.208862,204.666122,25.867748,763.048523,230.347824,712.984375,688.796021,3619.925537,70.499252,-2987.644531,,,,,,,,,,,,,,,,,,,,,,,,,,,,,,,,,,,,,,,
78,0.650000,-0.012284,0.000859,-0.006741,0.999901,264.070862,25.643667,765.947144,292.076630,25.909702,818.354980,295.388641,25.264874,716.674194,204.747437,25.756418,762.812134,291.923187,25.913013,818.803528,295.957367,25.254892,715.375000,204.622284,25.758076,763.012268,230.290543,712.970642,688.811890,3619.919189,70.486626,-2987.676025,,,,,,,,,,,,,,,,,,,,,,,,,,,,,,,,,,,,,,,
79,0.658333,-0.016452,0.000596,-0.009011,0.999824,264.064850,25.261900,765.889221,292.044952,25.838568,818.308228,295.405579,24.330196,716.638245,204.744141,25.616926,762.721069,291.886169,25.846437,818.767151,296.038849,24.304640,715.206543,204.613281,25.620928,762.929260,230.318222,712.954468,688.778442,3619.644775,70.736938,-2987.730957,,,,,,,,,,,,,,,,,,,,,,,,,,,,,,,,,,,,,,,
80,0.666667,-0.016417,0.002066,-0.011364,0.999799,263.954193,25.455526,766.113953,292.086578,25.894032,818.452698,295.149078,24.379675,716.773376,204.627029,26.092871,763.115601,291.817352,25.901096,818.725708,296.080902,24.346781,715.256287,204.512878,26.099323,763.466003,230.278778,712.962402,688.759766,3619.768799,70.591309,-2987.791748,,,,,,,,,,,,,,,,,,,,,,,,,,,,,,,,,,,,,,,
81,0.675000,-0.016327,0.001421,-0.008303,0.999831,263.896912,25.273846,765.965637,291.963745,25.875528,818.337952,295.156525,24.398670,716.662109,204.570557,25.547333,762.896729,291.805511,25.881475,818.693787,295.997009,24.373348,715.199768,204.377167,25.552015,763.155090,230.258286,713.013184,688.698914,3620.052490,70.216446,-2987.680176,,,,,,,,,,,,,,,,,,,,,,,,,,,,,,,,,,,,,,,
82,0.683333,-0.016300,0.001578,-0.007321,0.999839,263.814880,25.154364,765.943970,291.898499,25.807940,818.306641,295.059143,24.343390,716.629578,204.487030,25.311752,762.895447,291.784821,25.813234,818.650391,296.014008,24.319212,715.160706,204.207596,25.316387,763.154724,230.260040,713.031677,688.741333,3620.004639,70.280518,-2987.686768,,,,,,,,,,,,,,,,,,,,,,,,,,,,,,,,,,,,,,,
83,0.691667,-0.017279,0.000968,-0.007925,0.999819,263.770111,25.305153,766.196228,291.790466,26.028608,818.591980,295.073700,24.360064,716.921936,204.446274,25.526775,763.074829,291.670746,26.036211,819.023743,296.020203,24.327457,715.192810,204.206909,25.531719,763.309570,230.253189,713.072021,688.744385,3620.112549,70.101265,-2987.647705,,,,,,,,,,,,,,,,,,,,,,2265.911133,1411.113770,-1884.641479,,,,,,,,,,,,,,,
84,0.700000,-0.015730,0.001009,-0.009780,0.999828,263.788788,25.239109,766.127380,291.810974,25.696339,818.525085,295.089233,24.330276,716.850403,204.466217,25.690701,763.006653,291.598663,25.702911,818.892639,295.970856,24.301188,715.194885,204.331451,25.695555,763.289185,230.275635,713.052002,688.718933,3619.921631,70.385124,-2987.694824,,,,,,,,,,,,,,,,,,,,,,2265.945312,1411.196533,-1884.520386,,,,,,,,,,,,,,,
85,0.708333,-0.014926,0.000550,-0.010436,0.999834,263.758118,25.175461,766.067444,291.730865,25.512564,818.492493,295.104401,24.304605,716.818848,204.439209,25.709209,762.890869,291.467499,25.519012,818.832703,295.957184,24.277872,715.213074,204.350464,25.713722,763.206909,230.256927,713.066528,688.702271,3619.805176,70.393059,-2987.760254,,,,,,,,,,,,,,,,,,,,,,2265.976318,1411.271118,-1884.411499,,,,,,,,,,,,,,,
86,0.716667,-0.014714,0.000105,-0.009363,0.999848,263.693542,25.117136,766.035217,291.620209,25.492783,818.484558,295.084137,24.334538,716.813416,204.376373,25.524084,762.807556,291.387115,25.498137,818.809631,295.990265,24.310194,715.227783,204.246414,25.528461,763.115356,230.256119,713.033630,688.714111,3619.905273,70.307076,-2987.692627,,,,,,,,,,,,,,,,,,,,,,2266.004395,1411.338257,-1884.313354,,,,,,,,,,,,,,,
87,0.725000,-0.014788,0.000262,-0.008445,0.999855,263.670074,25.056974,766.069092,291.614044,25.491373,818.508728,295.045135,24.324669,716.836609,204.351166,25.354877,762.861877,291.405090,25.496351,818.845459,295.985474,24.301043,715.207703,204.195251,25.359062,763.156494,230.279373,713.013428,688.760071,3620.275391,69.941681,-2987.557373,,,,,,,,,,,,,,,,,,,,,,,,,,,,,,,,,,,,,,,
88,0.733333,-0.014919,0.000502,-0.008203,0.999855,263.669037,25.014112,766.075806,291.638367,25.475410,818.501709,295.020416,24.284063,716.828186,204.348434,25.282854,762.897400,291.425842,25.480196,818.821350,295.992859,24.260292,715.202820,204.187012,25.287199,763.202087,230.315475,713.001404,688.784424,3619.912598,70.334656,-2987.699463,,,,,,,,,,,,,,,,,,,,,,,,,,,,,,,,,,,,,,,
89,0.741667,-0.015038,0.000300,-0.008127,0.999854,263.699463,25.020868,766.071289,291.647827,25.499157,818.508240,295.070618,24.283968,716.836365,204.380096,25.279472,762.869202,291.459106,25.503939,818.833740,296.032379,24.260483,715.251831,204.195084,25.283815,763.159424,230.296906,713.000427,688.805115,3620.317871,69.905434,-2987.503174,,,,,,,,,,,,,,,,,,,,,,,,,,,,,,,,,,,,,,,
90,0.750000,-0.014675,0.000121,-0.007911,0.999861,263.714661,25.073711,766.092590,291.644073,25.526300,818.539856,295.103699,24.386116,716.868408,204.396332,25.308710,762.869507,291.458191,25.530867,818.876892,296.056488,24.364109,715.266907,204.212692,25.312685,763.153992,230.314087,713.041199,688.788208,3620.174805,70.095009,-2987.591309,,,,,,,,,,,,,,,,,,,,,,,,,,,,,,,,,,,,,,,
91,0.758333,-0.014337,0.000346,-0.008051,0.999865,263.753204,25.083132,766.083191,291.705811,25.492136,818.518372,295.120392,24.419926,716.844666,204.433517,25.337330,762.886292,291.512695,25.496523,818.851807,296.069611,24.398727,715.243347,204.257782,25.341179,763.175232,230.322067,713.020935,688.782104,3620.151123,70.094986,-2987.671387,,,,,,,,,,,,,,,,,,,,,,,,,,,,,,,,,,,,,,,
92,0.766667,-0.014450,0.000253,-0.008158,0.999862,263.766510,25.043753,766.054260,291.709351,25.458742,818.494690,295.142761,24.362711,716.821777,204.447464,25.309795,762.846252,291.515503,25.463316,818.833252,296.082001,24.340916,715.216919,204.275436,25.313711,763.132874,230.325211,713.063232,688.754883,3620.024170,70.164955,-2987.695801,,,,,,,,,,,,,,,,,,,,,,,,,,,,,,,,,,,,,,,
93,0.775000,-0.014751,0.000223,-0.008091,0.999858,263.786011,25.101286,766.097778,291.726044,25.551647,818.539368,295.164978,24.394888,716.867371,204.467117,25.357315,762.886475,291.504333,25.556158,818.843872,296.134186,24.372307,715.281006,204.310730,25.361605,763.200256,230.305222,713.099915,688.766174,3620.023438,70.052834,-2987.635010,,,,,,,,,,,,,,,,,,,,,,,,,,,,,,,,,,,,,,,
94,0.783333,-0.014448,0.000370,-0.007887,0.999864,263.826355,25.124676,766.075684,291.781677,25.554411,818.509338,295.191101,24.460859,716.835632,204.506424,25.358753,762.881958,291.571289,25.558710,818.825867,296.117462,24.440266,715.284546,204.347763,25.362650,763.182556,230.328903,713.111145,688.731567,3620.038574,70.115318,-2987.556641,,,,,,,,,,,,,,,,,,,,,,,,,,,,,,,,,,,,,,,
95,0.791667,-0.014053,0.000289,-0.007650,0.999872,263.846008,25.146673,766.075073,291.792633,25.548334,818.513550,295.218994,24.536617,716.839600,204.526489,25.355061,762.871948,291.584167,25.552221,818.824951,296.132996,24.518099,715.324158,204.365753,25.358646,763.172119,230.328049,713.106995,688.743164,3619.972168,70.252884,-2987.622803,,,,,,,,,,,,,,,,,,,,,,,,,2265.943604,1411.113647,-1884.617432,,,,,,,,,,,,
96,0.800000,-0.013645,0.000263,-0.007194,0.999881,263.855133,25.144360,766.047974,291.799042,25.528709,818.487976,295.230865,24.603191,716.813416,204.535568,25.301170,762.842285,291.591888,25.532202,818.805420,296.150909,24.586533,715.274414,204.374435,25.304342,763.140381,230.334641,713.048035,688.732178,3620.198975,69.987991,-2987.576660,,,,,,,,,,,,,,,,,,,,,,,,,2265.821045,1411.582031,-1884.647705,,,,,,,,,,,,
97,0.808333,-0.013948,0.000455,-0.007405,0.999875,263.854370,25.133511,766.063538,291.818573,25.537540,818.492676,295.211029,24.549206,716.817322,204.533676,25.313782,762.880493,291.616425,25.541462,818.825317,296.103180,24.531199,715.276306,204.375824,25.317122,763.169128,230.338150,713.075684,688.721680,3620.179932,70.043213,-2987.596924,,,,,,,,,,,,,,,,,,,,,,,,,2265.710938,1412.003418,-1884.674927,,,,,,,,,,,,
98,0.816667,-0.014282,0.000498,-0.007510,0.999870,263.858673,25.105230,766.106384,291.827545,25.538439,818.532715,295.210846,24.481430,716.857788,204.537735,25.295816,762.928406,291.609772,25.542690,818.866089,296.101868,24.461931,715.289185,204.396942,25.299397,763.224670,230.369919,713.059692,688.773804,3620.309570,70.001617,-2987.588867,,,,,,,,,,,,,,,,,,,,,,,,,2265.611572,1412.382690,-1884.699341,,,,,,,,,,,,
99,0.825000,-0.014056,0.000585,-0.007778,0.999871,263.866119,25.090691,766.132812,291.843719,25.485031,818.554871,295.209961,24.472334,716.878906,204.544785,25.314701,762.964600,291.615326,25.489138,818.873596,296.140137,24.452698,715.285767,204.405197,25.318346,763.274597,230.411362,713.005249,688.794373,3620.703613,69.626663,-2987.505127,,,,,,,,,,,,,,,,,,,,,,,,,,,,,,,,,,,,,,,
100,0.833333,-0.013797,0.000299,-0.007212,0.999879,263.854340,25.110672,766.128479,291.802094,25.509945,818.566406,295.226471,24.553354,716.891846,204.534576,25.268709,762.927124,291.575653,25.513788,818.903503,296.076172,24.536430,715.356018,204.409348,25.271843,763.222778,230.420151,713.006714,688.822449,3620.075439,70.318901,-2987.610840,,,,,,,,,,,,,,,,,,,,,,,,,,,,,,,,,,,,,,,
101,0.841667,-0.014096,0.000338,-0.007215,0.999875,263.851807,25.068462,766.116455,291.803894,25.498816,818.551758,295.219849,24.481537,716.877502,204.531754,25.225029,762.919922,291.590118,25.502905,818.895874,296.075317,24.463511,715.333130,204.394714,25.228310,763.207397,230.430878,712.994324,688.827209,3620.214844,70.138634,-2987.595703,,,,,,,,,,,,,,,,,,,,,,,,,,,,,,,,,,,,,,,
102,0.850000,-0.013783,0.000394,-0.007291,0.999878,263.858856,25.064320,766.131104,291.816498,25.457560,818.563782,295.221649,24.503387,716.888550,204.538513,25.232006,762.940857,291.612701,25.461378,818.903381,296.099152,24.486172,715.344116,204.386398,25.235159,763.226807,230.428268,712.946777,688.866150,3620.312256,70.166954,-2987.649902,,,,,,,,,,,,,,,,,,,,,,,,,,,,,,,,,,,,,,,
103,0.858333,-0.013779,0.000477,-0.007180,0.999879,263.840790,25.055416,766.102356,291.807190,25.454357,818.530334,295.195404,24.501822,716.854492,204.519867,25.210064,762.922180,291.599182,25.458235,818.879089,296.058716,24.484694,715.294250,204.377121,25.213137,763.206238,230.413788,712.967468,688.879883,3619.998779,70.419182,-2987.702393,,,,,,,,,,,,,,,,,,,,,,,,,,,,,,,,,,,,,,,
104,0.866667,-0.013870,0.000482,-0.007058,0.999879,263.813049,25.064032,766.091309,291.780151,25.479237,818.518738,295.167053,24.509184,716.843079,204.492050,25.203671,762.911926,291.563263,25.483187,818.871155,296.004730,24.492142,715.292542,204.363281,25.206732,763.197021,230.354935,712.939026,688.878906,3620.291992,70.222061,-2987.611816,,,,,,,,,,,,,,,,,,,,,,,,,,,,,,,,,,,,,,,
105,0.875000,-0.014345,0.000340,-0.007189,0.999871,263.795135,25.060394,766.110962,291.747681,25.518379,818.545837,295.162750,24.450539,716.872009,204.475067,25.212257,762.914917,291.539307,25.522873,818.914124,296.014282,24.431171,715.269531,204.339859,25.215570,763.191956,230.361343,712.970886,688.879211,3620.171387,70.364670,-2987.698486,,,,,,,,,,,,,,,,,,,,,,,,,,,,,,,,,,,,,,,
106,0.883333,-0.013907,0.000287,-0.006934,0.999879,263.786926,25.082329,766.086487,291.733673,25.508667,818.524658,295.160065,24.531622,716.850403,204.467102,25.206694,762.884216,291.532990,25.512661,818.890564,296.009186,24.514439,715.272949,204.323181,25.209667,763.158081,230.368484,712.952759,688.847900,3620.406738,70.304085,-2987.603760,,,,,,,,,,,,,,,,,,,,,,,,,,,,,,,,,,,,,,,
107,0.891667,-0.014154,0.000416,-0.007305,0.999873,263.780273,25.061386,766.065735,291.740540,25.492704,818.496704,295.140594,24.463127,716.822021,204.459763,25.228319,762.878296,291.538727,25.496960,818.853455,296.004608,24.444424,715.247803,204.312500,25.231615,763.156860,230.355225,712.980225,688.820923,3620.371826,70.446617,-2987.647461,,,,,,,,,,,,,,,,,,,,,,,,,,,,2265.947754,1411.105957,-1884.640503,,,,,,,,,
108,0.900000,-0.014409,0.000452,-0.007412,0.999869,263.762360,25.075848,766.049438,291.726562,25.527891,818.478149,295.118927,24.445707,716.803772,204.441650,25.253937,762.866272,291.531738,25.532427,818.842346,295.979858,24.425989,715.224670,204.289337,25.257355,763.139099,230.328979,713.041077,688.778076,3620.122070,70.722389,-2987.667480,,,,,,,,,,,,,,,,,,,,,,,,,,,,2265.972656,1411.095093,-1884.507202,,,,,,,,,
109,0.908333,-0.014542,0.000403,-0.007642,0.999865,263.745483,25.098612,766.022888,291.704498,25.551838,818.454346,295.106842,24.440897,716.780579,204.425201,25.303093,762.833557,291.509338,25.556288,818.793396,295.983154,24.420876,715.254395,204.263718,25.306791,763.115356,230.327301,713.120117,688.712280,3620.339844,70.564224,-2987.682129,,,,,,,,,,,,,,,,,,,,,,,,,,,,2265.995117,1411.085449,-1884.387085,,,,,,,,,
110,0.916667,-0.014553,0.000453,-0.007873,0.999863,263.737030,25.126566,766.026550,291.701141,25.567997,818.455383,295.093475,24.453272,716.781372,204.416550,25.358419,762.842773,291.500977,25.572515,818.789978,295.976318,24.432745,715.250916,204.258301,25.362230,763.128967,230.340149,713.145813,688.685974,3620.155518,70.787369,-2987.677246,,,,,,,,,,,,,,,,,,,,,,,,,,,,2266.015137,1411.076904,-1884.279297,,,,,,,,,
111,0.925000,-0.014498,0.000293,-0.007696,0.999865,263.749268,25.115370,766.038147,291.696625,25.561089,818.475830,295.121552,24.458694,716.802795,204.429718,25.326317,762.835632,291.491058,25.565454,818.804504,296.003326,24.438795,715.282715,204.275726,25.330055,763.126038,230.318222,713.093201,688.723511,3620.051025,71.029099,-2987.700439,,,,,,,,,,,,,,,,,,,,,,,,,,,,,,,,,,,,,,,
112,0.933333,-0.014344,0.000307,-0.007700,0.999867,263.737274,25.091246,766.058655,291.686005,25.520638,818.495789,295.108246,24.449379,716.822327,204.417633,25.303717,762.857727,291.472992,25.524879,818.819153,295.983063,24.430099,715.315125,204.270874,25.307390,763.153015,230.295197,713.043579,688.766907,3619.989014,71.154465,-2987.687744,,,,,,,,,,,,,,,,,,,,,,,,,,,,,,,,,,,,,,,
113,0.941667,-0.013871,0.000438,-0.007566,0.999875,263.734344,25.071518,766.073059,291.696533,25.458530,818.503357,295.092773,24.484686,716.828003,204.413834,25.271334,762.887634,291.480560,25.462444,818.830322,295.978210,24.466774,715.290100,204.269882,25.274687,763.184509,230.334091,713.020142,688.843323,3619.962891,71.198181,-2987.643066,,,,,,,,,,,,,,,,,,,,,,,,,,,,,,,,,,,,,,,
114,0.950000,-0.013953,0.000445,-0.007464,0.999875,263.722809,25.057117,766.117554,291.685883,25.458427,818.547302,295.080414,24.468580,716.872009,204.402191,25.244337,762.933228,291.474091,25.462545,818.894592,295.959167,24.450130,715.288513,204.260849,25.247620,763.220947,230.308685,712.985535,688.915894,3619.819336,71.390976,-2987.670654,,,,,,,,,,,,,,,,,,,,,,,,,,,,,,,,,,,,,,,
115,0.958333,-0.014142,0.000443,-0.007631,0.999871,263.717621,25.047142,766.127075,291.680511,25.459005,818.556763,295.075348,24.429541,716.881958,204.397095,25.252872,762.942261,291.466736,25.463211,818.891418,296.000000,24.409718,715.271301,204.247803,25.256439,763.238892,230.326019,712.928528,688.885071,3619.924072,71.325424,-2987.699951,,,,,,,,,,,,,,,,,,,,,,,,,,,,,,,,,,,,,,,
116,0.966667,-0.013981,0.000409,-0.007841,0.999871,263.736145,25.030325,766.107605,291.695221,25.413565,818.539612,295.097412,24.415432,716.864685,204.415970,25.261971,762.918396,291.483887,25.417603,818.860840,296.022766,24.396204,715.299133,204.259827,25.265560,763.217957,230.349121,712.944885,688.901367,3619.808350,71.321342,-2987.694092,,,,,,,,,,,,,,,,,,,,,,,,,,,,,,,,,,,,,,,
117,0.975000,-0.014294,0.000447,-0.008117,0.999865,263.750336,25.051304,766.119080,291.713470,25.451962,818.548767,295.107605,24.388180,716.874268,204.430054,25.313761,762.934021,291.490326,25.456314,818.862793,296.037109,24.367357,715.305420,204.283630,25.317675,763.242432,230.323669,712.991150,688.896423,3619.577637,71.633530,-2987.756836,,,,,,,,,,,,,,,,,,,,,,,,,,,,,,,,,,,,,,,
118,0.983333,-0.014804,0.000518,-0.008340,0.999856,263.743561,25.054848,766.100525,291.714355,25.496307,818.525818,295.093475,24.327579,716.851929,204.422943,25.340652,762.923706,291.496246,25.501286,818.860046,295.996735,24.304651,715.263733,204.281021,25.344797,763.220947,230.354279,713.021606,688.826416,3620.041504,71.141296,-2987.717773,,,,,,,,,,,,,,,,,,,,,,,,,,,,,,,,,,,,,,,
119,0.991667,-0.015077,0.000479,-0.008066,0.999854,263.756409,25.095942,766.072205,291.723511,25.581404,818.499084,295.109924,24.358980,716.826111,204.435837,25.347433,762.891357,291.497742,25.586433,818.829651,295.984650,24.336313,715.275330,204.304642,25.351625,763.191162,230.316696,713.067017,688.758911,3619.714111,71.434868,-2987.733398,,,,,,,,,,,,,,,,,,,,,,,,,,,,,,,2265.938721,1411.143921,-1884.586426,,,,,,
120,1.000000,-0.014917,0.000455,-0.007586,0.999860,263.780731,25.107977,766.030457,291.745514,25.603598,818.458435,295.136719,24.416883,716.785217,204.460083,25.303442,762.847534,291.537659,25.608225,818.789490,295.994995,24.396248,715.284973,204.312698,25.307341,763.136475,230.292953,713.134583,688.705139,3619.836914,71.383766,-2987.661377,,,,,,,,,,,,,,,,,,,,,,,,,,,,,,,2265.975586,1411.213867,-1884.480957,,,,,,
121,1.008333,-0.014669,0.000372,-0.007676,0.999863,263.785461,25.113161,766.022705,291.741241,25.577881,818.455750,295.149841,24.440859,716.782532,204.465378,25.320738,762.829590,291.545746,25.582153,818.770752,296.056000,24.420658,715.287903,204.292740,25.324669,763.121582,230.280273,713.178162,688.655029,3619.654541,71.664383,-2987.735107,,,,,,,,,,,,,,,,,,,,,,,,,,,,,,,2266.008301,1411.276978,-1884.385986,,,,,,
122,1.016667,-0.014735,0.000259,-0.007950,0.999860,263.792969,25.150179,766.054016,291.736877,25.606730,818.493530,295.168365,24.454138,716.821228,204.473755,25.389660,762.847229,291.530304,25.611032,818.792175,296.105774,24.432955,715.317627,204.303680,25.393869,763.152405,230.293045,713.134338,688.658264,3619.753418,71.599358,-2987.725342,,,,,,,,,,,,,,,,,,,,,,,,,,,,,,,2266.037598,1411.333618,-1884.300415,,,,,,
123,1.025000,-0.014444,0.000272,-0.007913,0.999864,263.798767,25.151421,766.046509,291.743805,25.579432,818.485657,295.173126,24.486364,716.812622,204.479477,25.388456,762.841187,291.537781,25.583691,818.799255,296.067169,24.466492,715.320312,204.319672,25.392324,763.137573,230.279648,713.129395,688.661743,3620.233643,71.242126,-2987.663818,,,,,,,,,,,,,,,,,,,,,,,,,,,,,,,,,,,,,,,
124,1.033333,-0.014346,0.000224,-0.007847,0.999866,263.804230,25.130245,766.062256,291.744141,25.551777,818.504150,295.183411,24.478962,716.831238,204.485214,25.359991,762.851257,291.538544,25.556139,818.836182,296.067078,24.459116,715.298889,204.331894,25.363680,763.140686,230.302689,713.067078,688.678345,3619.964111,71.494850,-2987.556885,,,,,,,,,,,,,,,,,,,,,,,,,,,,,,,,,,,,,,,
125,1.041667,-0.013937,0.000215,-0.007673,0.999874,263.808380,25.117163,766.089233,291.747131,25.505436,818.532043,295.188751,24.517149,716.858398,204.489334,25.328897,762.877197,291.545868,25.509441,818.865173,296.089111,24.498661,715.308350,204.329224,25.332306,763.165771,230.290771,713.010681,688.764954,3619.889893,71.663826,-2987.623535,,,,,,,,,,,,,,,,,,,,,,,,,,,,,,,,,,,,,,,
126,1.050000,-0.014038,0.000231,-0.007596,0.999873,263.801605,25.085655,766.065918,291.742249,25.488876,818.507568,295.180267,24.480513,716.833923,204.482422,25.287575,762.856018,291.528961,25.493013,818.844238,296.068634,24.461691,715.268127,204.338074,25.291002,763.148376,230.287781,712.947449,688.765930,3620.063721,71.425316,-2987.626465,,,,,,,,,,,,,,,,,,,,,,,,,,,,,,,,,,,,,,,
127,1.058333,-0.014333,0.000388,-0.007957,0.999866,263.768311,25.087585,766.058411,291.725372,25.501259,818.491211,295.131378,24.430758,716.817200,204.448318,25.330736,762.866638,291.504639,25.505636,818.813232,296.043488,24.410219,715.251221,204.304108,25.334560,763.169678,230.305923,712.990356,688.750305,3619.644531,71.964760,-2987.646729,,,,,,,,,,,,,,,,,,,,,,,,,,,,,,,,,,,,,,,
128,1.066667,-0.014416,0.000357,-0.007962,0.999864,263.744232,25.075356,766.027161,291.698120,25.497507,818.461609,295.110260,24.410032,716.787964,204.424423,25.318523,762.831787,291.492889,25.501926,818.790100,296.024902,24.389286,715.225342,204.265381,25.322357,763.125122,230.296341,713.049072,688.717285,3619.999268,71.612411,-2987.631104,,,,,,,,,,,,,,,,,,,,,,,,,,,,,,,,,,,,,,,
129,1.075000,-0.015214,0.000334,-0.008136,0.999851,263.726532,25.072334,766.008911,291.678558,25.568512,818.443726,295.094208,24.317516,716.772095,204.406937,25.330969,762.810852,291.482452,25.573685,818.787170,296.007172,24.293564,715.182861,204.242493,25.335255,763.094971,230.302795,713.029053,688.701660,3619.830078,71.764389,-2987.662842,,,,,,,,,,,,,,,,,,,,,,,,,,,,,,,,,,,,,,,
130,1.083333,-0.015278,0.000359,-0.008199,0.999850,263.743408,25.082275,765.993774,291.698090,25.581638,818.427124,295.108521,24.317190,716.755432,204.423660,25.347988,762.798584,291.480988,25.586834,818.759644,295.997070,24.293478,715.195190,204.282074,25.352345,763.094421,230.252243,713.076233,688.689636,3619.723389,71.856461,-2987.673096,,,,,,,,,,,,,,,,,,,,,,,,,,,,,,,,,,,,,,,
131,1.091667,-0.015105,0.000364,-0.008156,0.999853,263.738098,25.130850,765.987488,291.693146,25.614475,818.420837,295.102936,24.385483,716.748718,204.418320,25.392582,762.792908,291.462311,25.619417,818.737976,296.008484,24.362352,715.190369,204.283859,25.396944,763.102356,230.212723,713.073914,688.702087,3620.106445,71.461220,-2987.601562,,,,,,,,,,,,,,,,,,,,,,,,,,,,,,,,,,2265.996582,1411.097778,-1884.594482,,,
132,1.100000,-0.015134,0.000426,-0.008395,0.999850,263.727325,25.163279,766.001160,291.688751,25.636471,818.431213,295.086060,24.400051,716.758728,204.407318,25.453306,762.813477,291.466675,25.641605,818.757385,295.993042,24.376160,715.184021,204.266586,25.457706,763.115479,230.255676,713.030212,688.588806,3620.205811,71.359467,-2987.588867,,,,,,,,,,,,,,,,,,,,,,,,,,,,,,,,,,2266.009521,1411.198975,-1884.505615,,,
133,1.108333,-0.014727,0.000335,-0.009319,0.999848,263.822815,25.168880,765.970642,291.773682,25.547974,818.407043,295.190765,24.387707,716.734375,204.504135,25.570957,762.770386,291.514282,25.553623,818.742249,296.015503,24.364378,715.191223,204.414001,25.575123,763.083069,230.252258,713.008057,688.594849,3619.980225,71.680588,-2987.655762,,,,,,,,,,,,,,,,,,,,,,,,,,,,,,,,,,2266.020996,1411.290039,-1884.425781,,,
134,1.116667,-0.014581,0.000407,-0.010136,0.999842,263.824768,25.261469,765.991638,291.782379,25.579460,818.424805,295.185577,24.443399,716.751404,204.506424,25.761541,762.798523,291.476654,25.585787,818.753479,295.974731,24.419653,715.223999,204.460861,25.765663,763.138672,230.268265,712.981628,688.692017,3620.089111,71.532227,-2987.543457,,,,,,,,,,,,,,,,,,,,,,,,,,,,,,,,,,2266.031494,1411.372070,-1884.353760,,,
135,1.125000,-0.014502,0.000586,-0.010465,0.999840,263.838745,25.294210,765.997375,291.814758,25.585175,818.420898,295.181915,24.463272,716.746155,204.519653,25.834181,762.824890,291.501373,25.591669,818.744324,295.990509,24.438848,715.197876,204.476471,25.838341,763.173889,230.314453,712.884277,688.723572,3619.860352,71.823311,-2987.566895,,,,,,,,,,,,,,,,,,,,,,,,,,,,,,,,,,,,,,,
136,1.133333,-0.012029,0.000323,-0.008941,0.999888,263.857819,25.433821,766.085815,291.805176,25.550993,818.525330,295.229309,24.942087,716.848083,204.539032,25.808378,762.883911,291.511139,25.554327,818.774658,296.002258,24.929865,715.580688,204.462341,25.810894,763.240417,230.322540,712.762878,688.761597,3620.251221,71.439827,-2987.534424,,,,,,,,,,,,,,,,,,,,,,,,,,,,,,,,,,,,,,,
137,1.141667,-0.009368,-0.000144,-0.007012,0.999932,263.883087,25.591581,766.190552,291.781250,25.537939,818.656311,295.301819,25.482943,716.980591,204.566284,25.753857,762.934570,291.518188,25.538706,818.835266,296.006042,25.480736,716.014465,204.440033,25.754318,763.295349,230.336136,712.762024,688.861023,3620.245117,71.466911,-2987.464844,,,,,,,,,,,,,,,,,,,,,,,,,,,,,,,,,,,,,,,
138,1.150000,-0.004581,-0.001514,-0.002072,0.999986,263.914551,25.868422,766.277588,291.671906,25.588860,818.817322,295.463928,26.541380,717.155823,204.607971,25.475023,762.859558,291.527039,25.587366,818.862427,295.986847,26.549469,716.698730,204.354996,25.470217,763.177734,230.337509,712.797546,688.887573,3620.052979,71.673294,-2987.564941,,,,,,,,,,,,,,,,,,,,,,,,,,,,,,,,,,,,,,,
139,1.158333,-0.000015,-0.001073,0.001641,0.999998,263.799896,26.137215,766.409363,291.607513,25.585096,818.920288,295.297607,27.492830,717.268494,204.494720,25.333715,763.039124,291.572357,25.585407,818.872803,295.524902,27.497847,717.182129,204.309662,25.328367,763.180176,230.376236,712.738281,688.864929,3620.323730,71.374733,-2987.450439,,,,,,,,,,,,,,,,,,,,,,,,,,,,,,,,,,,,,,,
140,1.166667,0.007945,-0.002541,0.006550,0.999944,263.899750,26.708847,766.658752,291.562592,25.593313,819.237183,295.521606,29.155962,717.639954,204.615143,25.377268,763.098877,291.591705,25.605101,818.909363,295.811340,29.155991,717.853882,204.318619,25.365473,763.228638,230.388565,712.746460,688.892334,3619.898193,71.747070,-2987.551270,,,,,,,,,,,,,,,,,,,,,,,,,,,,,,,,,,,,,,,
141,1.175000,0.016194,-0.004200,0.011529,0.999794,263.866760,27.258188,767.039368,291.370544,25.549803,819.685303,295.619659,30.828783,718.174500,204.610153,25.395983,763.258179,291.605347,25.596846,818.913330,295.741486,30.791077,719.008362,204.356277,25.388918,763.222351,230.418976,712.818542,688.867065,3620.002197,71.616493,-2987.518311,,,,,,,,,,,,,,,,,,,,,,,,,,,,,,,,,,,,,,,
142,1.183333,0.016613,-0.003882,0.010102,0.999803,263.887451,27.376024,767.115845,291.422699,25.545258,819.741211,295.616577,30.897579,718.231995,204.623230,25.685238,763.374207,291.598022,25.592024,818.939575,295.763794,30.861702,719.020691,204.398972,25.678047,763.375793,230.416077,712.916382,688.839294,3619.938232,71.709526,-2987.512207,,,,,,,,,,,,,,,,,,,,,,,,,,,,,,,,,,,,,,,
143,1.191667,0.016674,-0.004098,0.010685,0.999795,263.901337,27.356001,767.039307,291.415009,25.550692,819.676819,295.648315,30.920307,718.170166,204.640762,25.597010,763.270813,291.627106,25.597935,818.895691,295.754730,30.880840,719.004333,204.420532,25.591282,763.240906,230.421494,712.958618,688.772034,3620.168457,71.412056,-2987.561035,,,,,,,,,,,,,,,,,,,,,,,,,,,,,,,,,,,,,2265.986572,1411.080566,-1884.598022
144,1.200000,0.016862,-0.004163,0.011211,0.999786,263.867340,27.340355,767.001282,291.375336,25.544298,819.642090,295.617615,30.956387,718.138062,204.609222,25.520382,763.223511,291.600983,25.593548,818.841187,295.750427,30.917082,718.982666,204.357452,25.513172,763.197327,230.415024,712.945557,688.744812,3620.156250,71.452934,-2987.532227,,,,,,,,,,,,,,,,,,,,,,,,,,,,,,,,,,,,,2266.027100,1411.164429,-1884.496948
145,1.208333,0.017025,-0.004276,0.011653,0.999778,263.842682,27.351061,766.981445,291.339752,25.562162,819.628174,295.601318,31.010838,718.126892,204.587051,25.480188,763.189087,291.547455,25.611488,818.822388,295.761353,30.973845,718.942566,204.325806,25.471491,763.180847,230.416870,712.999084,688.677246,3619.971436,71.590508,-2987.539307,,,,,,,,,,,,,,,,,,,,,,,,,,,,,,,,,,,,,2266.063965,1411.239868,-1884.406128
146,1.216667,0.017249,-0.003872,0.010466,0.999789,263.866821,27.433098,767.022400,291.404480,25.555676,819.644836,295.592316,31.040037,718.142395,204.603745,25.703585,763.279724,291.553131,25.604136,818.816467,295.761444,31.004925,718.912903,204.383377,25.695263,763.302002,230.363342,713.098999,688.654114,3620.232422,71.355957,-2987.548096,,,,,,,,,,,,,,,,,,,,,,,,,,,,,,,,,,,,,2266.097168,1411.307861,-1884.324463
147,1.225000,0.017141,-0.004377,0.011341,0.999779,263.873138,27.379559,767.009827,291.359192,25.560947,819.661377,295.643250,31.031088,718.162170,204.617081,25.546650,763.205872,291.572693,25.607727,818.909180,295.759796,30.993135,718.962280,204.382797,25.540092,763.177429,230.354401,713.089294,688.689331,3619.786377,71.752686,-2987.599854,,,,,,,,,,,,,,,,,,,,,,,,,,,,,,,,,,,,,,,
148,1.233333,0.016918,-0.004214,0.011513,0.999782,263.864532,27.341715,767.055786,291.367706,25.556412,819.699524,295.618073,30.982273,718.196533,204.607956,25.486464,763.271301,291.591675,25.602680,818.959106,295.759308,30.946533,718.977722,204.340179,25.478521,763.245667,230.381912,713.012878,688.722229,3619.735352,71.770752,-2987.650146,,,,,,,,,,,,,,,,,,,,,,,,,,,,,,,,,,,,,,,
149,1.241667,0.016402,-0.004084,0.011659,0.999789,263.850769,27.285967,767.085754,291.367310,25.563253,819.724487,295.591309,30.885111,718.214905,204.593796,25.409542,763.317566,291.606232,25.609791,818.975403,295.735962,30.849422,719.013916,204.311371,25.401274,763.286316,230.410767,712.892639,688.760071,3619.765137,71.770729,-2987.640137,,,,,,,,,,,,,,,,,,,,,,,,,,,,,,,,,,,,,,,
